Route_Name,Route_Link,Bus_Name,Bus_Type,Departing_Time,Duration,Reaching_Time,Star_Rating,Price,Seat_Availability
Kolkata to Digha,https://www.redbus.in/bus-tickets/kolkata-to-digha,,,,,,,,
Kolkata to Digha,https://www.redbus.in/bus-tickets/kolkata-to-digha,,,,,,,,
Kolkata to Digha,https://www.redbus.in/bus-tickets/kolkata-to-digha,,,,,,,,
Kolkata to Digha,https://www.redbus.in/bus-tickets/kolkata-to-digha,,,,,,,,
Kolkata to Digha,https://www.redbus.in/bus-tickets/kolkata-to-digha,,,,,,,,
Kolkata to Digha,https://www.redbus.in/bus-tickets/kolkata-to-digha,,,,,,,,
Kolkata to Digha,https://www.redbus.in/bus-tickets/kolkata-to-digha,,,,,,,,
Kolkata to Digha,https://www.redbus.in/bus-tickets/kolkata-to-digha,,,,,,,,
Kolkata to Digha,https://www.redbus.in/bus-tickets/kolkata-to-digha,,,,,,,,
Kolkata to Digha,https://www.redbus.in/bus-tickets/kolkata-to-digha,,,,,,,,
Kolkata to Digha,https://www.redbus.in/bus-tickets/kolkata-to-digha,SBSTC-KOLKATA - DIGHA - 13:45 (MID DEPOT) - 971,Non AC Seater (2+3),13:45,04h 30m,18:15,2.7,INR 155,45 Seats available
Kolkata to Digha,https://www.redbus.in/bus-tickets/kolkata-to-digha,SBSTC-GARIA - DIGHA - 15:15 (DIGHA DEPOT) - 543,Non AC Seater (2+3),16:30,04h 30m,21:00,4.6,INR 155,5 Seats available
Kolkata to Digha,https://www.redbus.in/bus-tickets/kolkata-to-digha,SBSTC-KOLKATA - DIGHA - 23:30 (DIGHA DEPOT) - 3988,Non AC Seater (2+3),23:30,04h 30m,04:00,3.8,INR 155,29 Seats available
Kolkata to Digha,https://www.redbus.in/bus-tickets/kolkata-to-digha,SBSTC-GARIA - DIGHA - 22:30 (DIGHA DEPOT) - 3745,Non AC Seater (2+3),23:45,04h 30m,04:15,4.1,INR 155,29 Seats available
Kolkata to Digha,https://www.redbus.in/bus-tickets/kolkata-to-digha,Shyamoli Paribahan Pvt Ltd,,23:30,05h 00m,04:30,4.5,INR 700,
Kolkata to Digha,https://www.redbus.in/bus-tickets/kolkata-to-digha,,,,,,,,
Kolkata to Digha,https://www.redbus.in/bus-tickets/kolkata-to-digha,,,,,,,,
Kolkata to Digha,https://www.redbus.in/bus-tickets/kolkata-to-digha,,,,,,,,
Kolkata to Digha,https://www.redbus.in/bus-tickets/kolkata-to-digha,,,,,,,,
Digha to Barasat (West Bengal),https://www.redbus.in/bus-tickets/digha-to-barasat-west-bengal,WBTC (CTC) HABRA - DIGHA (AC-VOLVO) - 89|12:30,A/C Seater (2+2),12:30,03h 45m,16:15,4.0,INR 410,34 Seats available
Digha to Barasat (West Bengal),https://www.redbus.in/bus-tickets/digha-to-barasat-west-bengal,WBTC (CTC) HABRA-DIGHA via Bally - 26|12:50,Non AC Seater (2+3),12:50,04h 45m,17:35,3.7,INR 161,44 Seats available
Digha to Barasat (West Bengal),https://www.redbus.in/bus-tickets/digha-to-barasat-west-bengal,WBTC (CTC) BARASAT-DIGHA via Bally - 38|13:25,Non AC Seater (2+3),13:25,04h 25m,17:50,3.5,INR 161,47 Seats available
Digha to Barasat (West Bengal),https://www.redbus.in/bus-tickets/digha-to-barasat-west-bengal,WBTC (CTC) Barasat-Digha Via Bally (AC VOLVO) - 201|14:00,A/C Seater (2+2),14:00,04h 00m,18:00,3.9,INR 410,35 Seats available
Digha to Barasat (West Bengal),https://www.redbus.in/bus-tickets/digha-to-barasat-west-bengal,"WBTC (CTC) BARASAT-DIGHA via Esplanade, Karunamoyee,Airport - 206|14:15",Non AC Seater (2+3),14:15,05h 00m,19:15,1.4,INR 165,39 Seats available
Digha to Barasat (West Bengal),https://www.redbus.in/bus-tickets/digha-to-barasat-west-bengal,WBTC (CTC) HABRA-DIGHA via Bally - 26|14:50,Non AC Seater (2+3),14:50,04h 45m,19:35,3.6,INR 161,44 Seats available
Digha to Barasat (West Bengal),https://www.redbus.in/bus-tickets/digha-to-barasat-west-bengal,WBTC (CTC) BARASAT-DIGHA via Bally - 38|15:35,Non AC Seater (2+3),15:35,05h 15m,20:50,3.7,INR 161,38 Seats available
Digha to Barasat (West Bengal),https://www.redbus.in/bus-tickets/digha-to-barasat-west-bengal,SBSTC-DIGHA - HABRA - 13:40 (DIGHA DEPOT) - 522,Non AC Seater (2+3),13:40,05h 30m,19:10,3.7,INR 170,49 Seats available
Digha to Barasat (West Bengal),https://www.redbus.in/bus-tickets/digha-to-barasat-west-bengal,SBSTC-DIGHA - BARASAT - 14:20 (DIGHA DEPOT) - 516,Non AC Seater (2+3),14:20,05h 00m,19:20,3.1,INR 170,50 Seats available
Digha to Barasat (West Bengal),https://www.redbus.in/bus-tickets/digha-to-barasat-west-bengal,Vishwakarma Travels,AC Seater (2+3),13:45,05h 10m,18:55,3.1,INR 380,40 Seats available
Digha to Barasat (West Bengal),https://www.redbus.in/bus-tickets/digha-to-barasat-west-bengal,Satya Paribahan,A/C Seater (2+3),23:00,06h 10m,05:10,3.1,INR 350,24 Seats available
Digha to Barasat (West Bengal),https://www.redbus.in/bus-tickets/digha-to-barasat-west-bengal,Rudraksha City Service,A/C Seater (2+3),13:00,05h 26m,18:26,2.1,INR 420,60 Seats available
Digha to Barasat (West Bengal),https://www.redbus.in/bus-tickets/digha-to-barasat-west-bengal,Somojeet Travels,A/C Seater Gold Class (2+2),14:10,05h 20m,19:30,2.0,INR 350,39 Seats available
Digha to Barasat (West Bengal),https://www.redbus.in/bus-tickets/digha-to-barasat-west-bengal,Aradhana Bus Service,Non AC Seater (2+3),16:50,06h 40m,23:30,2.1,INR 350,54 Seats available
Digha to Barasat (West Bengal),https://www.redbus.in/bus-tickets/digha-to-barasat-west-bengal,Aradhana Travel,Non AC Seater (2+3),21:45,06h 55m,04:40,1.1,450,13 Seats available
Digha to Barasat (West Bengal),https://www.redbus.in/bus-tickets/digha-to-barasat-west-bengal,Aradhana Travel,A/C Seater / Sleeper (2+2),18:35,05h 20m,23:55,1.1,540,20 Seats available
Digha to Kolkata,https://www.redbus.in/bus-tickets/digha-to-kolkata,SBSTC-DIGHA - FALTA - VIA - KOLKATA - 12:35 (FALTA DEPOT - 3705,Non AC Seater (2+3),12:35,11h 25m,00:00,3.4,INR 160,52 Seats available
Digha to Kolkata,https://www.redbus.in/bus-tickets/digha-to-kolkata,SBSTC-DIGHA - NAIHATI - 12:40 (BEL DEPOT) - 3693,Non AC Seater (2+3),12:40,05h 00m,17:40,4.0,INR 154,35 Seats available
Digha to Kolkata,https://www.redbus.in/bus-tickets/digha-to-kolkata,SBSTC-DIGHA - KOLKATA - 12:50 (HOWRAH) - 829,Non AC Seater (2+3),12:50,04h 30m,17:20,2.5,INR 155,50 Seats available
Digha to Kolkata,https://www.redbus.in/bus-tickets/digha-to-kolkata,SBSTC-DIGHA - BARUIPUR - 13:00 (DIGHA DEPOT) - 515,Non AC Seater (2+3),13:00,05h 30m,18:30,1.8,INR 162,47 Seats available
Digha to Kolkata,https://www.redbus.in/bus-tickets/digha-to-kolkata,SBSTC-DIGHA - BELGHARIA - A/C - 13:00 (BEL DEPOT) - 1577,AC Seater (2+2),13:00,05h 00m,18:00,4.1,INR 310,29 Seats available
Digha to Kolkata,https://www.redbus.in/bus-tickets/digha-to-kolkata,SBSTC-DIGHA - DUMDUM - 13:10 VIA - DUNLOP - (BEL DEPOT) - 525,Non AC Seater (2+3),13:10,04h 30m,17:40,3.7,INR 155,24 Seats available
Digha to Kolkata,https://www.redbus.in/bus-tickets/digha-to-kolkata,SBSTC-DIGHA - FALTA - VIA - KOLKATA - 13:20 (FALTA DEPOT - 518,Non AC Seater (2+3),13:20,10h 40m,00:00,3.4,INR 160,52 Seats available
Digha to Kolkata,https://www.redbus.in/bus-tickets/digha-to-kolkata,SBSTC-DIGHA - KHARDAH - 13:20 (BEL DEPOT) - 521,Non AC Seater (2+3),13:20,05h 00m,18:20,3.5,INR 154,49 Seats available
Digha to Kolkata,https://www.redbus.in/bus-tickets/digha-to-kolkata,SBSTC-DIGHA - KOLKATA - 13:30 (HWH DEPOT) - 1811,Non AC Seater (2+3),13:30,04h 30m,18:00,3.2,INR 155,52 Seats available
Digha to Kolkata,https://www.redbus.in/bus-tickets/digha-to-kolkata,SBSTC-DIGHA - HABRA - 13:40 (DIGHA DEPOT) - 522,Non AC Seater (2+3),13:40,04h 30m,18:10,3.4,INR 155,49 Seats available
Digha to Kolkata,https://www.redbus.in/bus-tickets/digha-to-kolkata,SBSTC-DIGHA - FALTA - VIA - KOLKATA - 13:45 - 513,Non AC Seater (2+3),13:45,04h 30m,18:15,2.5,INR 155,52 Seats available
Digha to Kolkata,https://www.redbus.in/bus-tickets/digha-to-kolkata,SBSTC-DIGHA - KARUNAMOYEE - 13:50 (BEL DEPOT) - 1446,Non AC Seater (2+3),13:50,04h 30m,18:20,3.4,INR 155,44 Seats available
Digha to Kolkata,https://www.redbus.in/bus-tickets/digha-to-kolkata,SBSTC-DIGHA - NEW BARRACKPUR - 14:00 (BEL DEPOT) - 1698,Non AC Seater (2+3),14:00,04h 30m,18:30,3.4,INR 153,52 Seats available
Digha to Kolkata,https://www.redbus.in/bus-tickets/digha-to-kolkata,SBSTC-DIGHA - NAIHATI - 14:10 (BEL DEPOT) - 3694,Non AC Seater (2+3),14:10,05h 00m,19:10,2.4,INR 154,47 Seats available
Digha to Kolkata,https://www.redbus.in/bus-tickets/digha-to-kolkata,SBSTC-DIGHA - BARASAT - 14:20 (DIGHA DEPOT) - 516,Non AC Seater (2+3),14:20,04h 30m,18:50,3.9,INR 155,50 Seats available
Digha to Kolkata,https://www.redbus.in/bus-tickets/digha-to-kolkata,SBSTC-DIGHA - THAKURPUR - 14:30 (DIG DEPOT) - 839,Non AC Seater (2+3),14:30,04h 30m,19:00,3.2,INR 155,37 Seats available
Digha to Kolkata,https://www.redbus.in/bus-tickets/digha-to-kolkata,SBSTC-DIGHA - GARIA - VIA - KOLKATA - 14:40 (FALTA DEPOT - 3489,Non AC Seater (2+3),14:40,05h 30m,20:10,2.3,INR 162,47 Seats available
Digha to Kolkata,https://www.redbus.in/bus-tickets/digha-to-kolkata,SBSTC-DIGHA - GARIA - VIA - KOLKATA - 15:10 - 734,Non AC Seater (2+3),15:10,05h 30m,20:40,3.6,INR 162,52 Seats available
Digha to Kolkata,https://www.redbus.in/bus-tickets/digha-to-kolkata,SBSTC-DIGHA - KARUNAMOYEE - VIA DUNLOP - 15:20 (DIGHA) - 3244,Non AC Seater (2+3),15:20,05h 00m,20:20,3.0,INR 170,42 Seats available
Digha to Kolkata,https://www.redbus.in/bus-tickets/digha-to-kolkata,SBSTC-DIGHA - GARIA - 16:40 (DIGHA DEPOT) - 3704,Non AC Seater (2+3),16:40,04h 30m,21:10,3.6,INR 155,51 Seats available
Digha to Kolkata,https://www.redbus.in/bus-tickets/digha-to-kolkata,SBSTC-DIGHA - KOLKATA - 17:15 (DIGHA DEPOT) - 1158,Non AC Seater (2+3),17:15,04h 30m,21:45,3.2,INR 155,43 Seats available
Digha to Kolkata,https://www.redbus.in/bus-tickets/digha-to-kolkata,WBTC (CTC) HABRA - DIGHA (AC-VOLVO) - 89|12:30,A/C Seater (2+2),12:30,03h 15m,15:45,3.6,INR 380,34 Seats available
Digha to Kolkata,https://www.redbus.in/bus-tickets/digha-to-kolkata,WBTC (CTC) HABRA-DIGHA via Bally - 26|12:50,Non AC Seater (2+3),12:50,04h 15m,17:05,3.0,INR 146,44 Seats available
Digha to Kolkata,https://www.redbus.in/bus-tickets/digha-to-kolkata,WBTC (CTC) KARUNAMOYEE (Salt Lake) - DIGHA (AC VOLVO) - 94|13:35,A/C Seater (2+2),13:35,04h 00m,17:35,3.4,INR 420,42 Seats available
Digha to Kolkata,https://www.redbus.in/bus-tickets/digha-to-kolkata,WBTC (CTC) Kolkata - Digha - 124|13:50,Non AC Seater (2+3),13:50,04h 15m,18:05,1.9,INR 145,43 Seats available
Digha to Kolkata,https://www.redbus.in/bus-tickets/digha-to-kolkata,WBTC (CTC) Barasat-Digha Via Bally (AC VOLVO) - 201|14:00,A/C Seater (2+2),14:00,03h 30m,17:30,3.9,INR 380,35 Seats available
Digha to Kolkata,https://www.redbus.in/bus-tickets/digha-to-kolkata,"WBTC (CTC) BARASAT-DIGHA via Esplanade, Karunamoyee,Airport - 206|14:15",Non AC Seater (2+3),14:15,03h 45m,18:00,2.8,INR 145,39 Seats available
Digha to Kolkata,https://www.redbus.in/bus-tickets/digha-to-kolkata,WBTC (CTC) Joka - Tollygunge - Digha - 99|14:30,Non AC Seater (2+3),14:30,04h 30m,19:00,1.9,INR 145,46 Seats available
Digha to Kolkata,https://www.redbus.in/bus-tickets/digha-to-kolkata,WBTC (CTC) SHYAMBAZAR - DIGHA VIA- ESPLANADE (AC-VOLVO) - 52|14:46,A/C Seater (2+2),14:46,04h 45m,19:31,4.2,INR 370,40 Seats available
Digha to Kolkata,https://www.redbus.in/bus-tickets/digha-to-kolkata,WBTC (CTC) HABRA-DIGHA via Bally - 26|14:50,Non AC Seater (2+3),14:50,04h 15m,19:05,3.7,INR 146,44 Seats available
Digha to Kolkata,https://www.redbus.in/bus-tickets/digha-to-kolkata,WBTC (CTC) Khidderpur - Digha - 97|15:00,Non AC Seater (2+3),15:00,05h 00m,20:00,4.4,INR 151,49 Seats available
Digha to Kolkata,https://www.redbus.in/bus-tickets/digha-to-kolkata,WBTC (CTC) Joka - Tollygunge - Digha - 99|15:30,Non AC Seater (2+3),15:30,04h 15m,19:45,2.2,INR 145,49 Seats available
Digha to Kolkata,https://www.redbus.in/bus-tickets/digha-to-kolkata,WBTC (CTC) BARASAT-DIGHA via Bally - 38|15:35,Non AC Seater (2+3),15:35,04h 45m,20:20,2.9,INR 146,38 Seats available
Digha to Kolkata,https://www.redbus.in/bus-tickets/digha-to-kolkata,WBTC (CTC) Tollygunge - Digha - 200|15:50,Non AC Seater (2+3),15:50,04h 15m,20:05,3.4,INR 145,47 Seats available
Digha to Kolkata,https://www.redbus.in/bus-tickets/digha-to-kolkata,Greenline,Volvo A/C Seater (2+2),13:40,04h 45m,18:25,4.4,INR 300,29 Seats available
Digha to Kolkata,https://www.redbus.in/bus-tickets/digha-to-kolkata,Express Line,Volvo 9600 Multi Axle Semi-Sleeper (2+2),13:45,04h 30m,18:15,4.2,INR 279,23 Seats available
Digha to Kolkata,https://www.redbus.in/bus-tickets/digha-to-kolkata,Rubi Paribahan  ,Volvo 9600 A/C Seater/Sleeper (2+1),12:50,05h 00m,17:50,4.3,INR 300,22 Seats available
Digha to Kolkata,https://www.redbus.in/bus-tickets/digha-to-kolkata,Shyamoli Paribahan Pvt Ltd,VE A/C Seater (2+2),13:30,04h 55m,18:25,4.4,INR 300,24 Seats available
Digha to Kolkata,https://www.redbus.in/bus-tickets/digha-to-kolkata,Maa Chandi Travels,A/C Seater / Sleeper (2+2),12:35,04h 40m,17:15,3.9,350,19 Seats available
Digha to Kolkata,https://www.redbus.in/bus-tickets/digha-to-kolkata,Bengal Surface Transport,A/C Seater / Sleeper (2+2),12:50,03h 05m,15:55,3.3,255,37 Seats available
Digha to Kolkata,https://www.redbus.in/bus-tickets/digha-to-kolkata,Snemita Paribahan(Shinjini),A/C Seater (2+3),22:45,05h 25m,04:10,3.3,INR 270,28 Seats available
Digha to Kolkata,https://www.redbus.in/bus-tickets/digha-to-kolkata,Maa Chandi Travels,A/C Seater / Sleeper (2+2),14:30,04h 40m,19:10,3.8,350,15 Seats available
Digha to Kolkata,https://www.redbus.in/bus-tickets/digha-to-kolkata,City Express (Shinjini),AC Seater (2+3),22:45,05h 25m,04:10,2.9,INR 290,26 Seats available
Digha to Kolkata,https://www.redbus.in/bus-tickets/digha-to-kolkata,Snemita Parisheba (Manikanchan),AC Seater (2+3),12:20,04h 25m,16:45,3.1,INR 370,11 Seats available
Digha to Kolkata,https://www.redbus.in/bus-tickets/digha-to-kolkata,City Express (Angel),AC Seater (2+3),13:50,04h 40m,18:30,2.6,INR 370,31 Seats available
Digha to Kolkata,https://www.redbus.in/bus-tickets/digha-to-kolkata,Sree Jagannath Travels,A/C Seater Push Back (2+3),15:00,05h 00m,20:00,2.4,INR 250,30 Seats available
Digha to Kolkata,https://www.redbus.in/bus-tickets/digha-to-kolkata,Satya Paribahan,A/C Seater (2+3),23:30,04h 10m,03:40,2.2,INR 320,46 Seats available
Digha to Kolkata,https://www.redbus.in/bus-tickets/digha-to-kolkata,Parameswar Travels,A/C Seater Push Back (2+2),17:50,05h 10m,23:00,2.0,284,42 Seats available
Digha to Kolkata,https://www.redbus.in/bus-tickets/digha-to-kolkata,Parameswar Travels,A/C Seater Push Back (2+3),20:00,05h 35m,01:35,2.6,219,20 Seats available
Digha to Kolkata,https://www.redbus.in/bus-tickets/digha-to-kolkata,Parameswar Travels,A/C Seater Push Back (2+3),21:00,06h 00m,03:00,1.4,219,61 Seats available
Digha to Kolkata,https://www.redbus.in/bus-tickets/digha-to-kolkata,City Express (Shinjini),AC Seater (2+3),15:20,04h 35m,19:55,1.8,INR 270,21 Seats available
Digha to Kolkata,https://www.redbus.in/bus-tickets/digha-to-kolkata,Monikanchan Bus Service,A/C Seater (2+3),13:30,04h 15m,17:45,3.7,INR 375,31 Seats available
Digha to Kolkata,https://www.redbus.in/bus-tickets/digha-to-kolkata,Satya Paribahan,A/C Seater (2+3),23:00,04h 45m,03:45,3.5,INR 350,24 Seats available
Digha to Kolkata,https://www.redbus.in/bus-tickets/digha-to-kolkata,Sagufta Travels(Atithi),A/C Seater Push Back (2+3),12:15,05h 05m,17:20,3.4,INR 315,20 Seats available
Digha to Kolkata,https://www.redbus.in/bus-tickets/digha-to-kolkata,Snemita Parisheba(SNEHA GOLD),AC Seater (2+3),16:35,04h 45m,21:20,3.3,INR 270,46 Seats available
Digha to Kolkata,https://www.redbus.in/bus-tickets/digha-to-kolkata,Ankita Paribahan(Atithi),A/C Seater Push Back (2+3),13:35,04h 15m,17:50,3.1,INR 320,36 Seats available
Digha to Kolkata,https://www.redbus.in/bus-tickets/digha-to-kolkata,Vishwakarma Travels,AC Seater (2+3),13:45,04h 50m,18:35,4.3,INR 380,40 Seats available
Digha to Kolkata,https://www.redbus.in/bus-tickets/digha-to-kolkata,Snemita Paribahan (Shinjini),AC Seater (2+3),23:35,04h 40m,04:15,3.6,INR 270,26 Seats available
Digha to Kolkata,https://www.redbus.in/bus-tickets/digha-to-kolkata,Snemita Paribahan(Shinjini),A/C Seater (2+3),15:20,04h 40m,20:00,4.1,INR 270,34 Seats available
Digha to Kolkata,https://www.redbus.in/bus-tickets/digha-to-kolkata,Snemita Parisheba(Santosh),AC Seater (2+3),13:30,04h 35m,18:05,3.2,INR 370,31 Seats available
Digha to Kolkata,https://www.redbus.in/bus-tickets/digha-to-kolkata,Samanta Travels,A/C Seater (2+3),14:30,04h 50m,19:20,3.8,INR 300,20 Seats available
Digha to Kolkata,https://www.redbus.in/bus-tickets/digha-to-kolkata,Snemita Paribahan(SHINJINI),A/C Seater (2+3),16:00,04h 30m,20:30,2.7,INR 270,25 Seats available
Digha to Kolkata,https://www.redbus.in/bus-tickets/digha-to-kolkata,Snemita Pariseba(Samanta),A/C Seater Push Back (2+3),14:45,04h 35m,19:20,2.2,INR 420,33 Seats available
Digha to Kolkata,https://www.redbus.in/bus-tickets/digha-to-kolkata,Ankita Paribahan (Lokenath),AC Seater (2+3),16:20,04h 40m,21:00,3.4,INR 320,41 Seats available
Digha to Kolkata,https://www.redbus.in/bus-tickets/digha-to-kolkata,Samanta Travels,A/C Seater (2+3),12:40,04h 50m,17:30,3.0,INR 300,61 Seats available
Digha to Kolkata,https://www.redbus.in/bus-tickets/digha-to-kolkata,Snemita Paribahan (Angel),AC Seater (2+3),13:50,04h 40m,18:30,2.9,INR 330,25 Seats available
Digha to Kolkata,https://www.redbus.in/bus-tickets/digha-to-kolkata,Snemita Parisheba(Santosh),A/C Seater Push Back (2+3),23:30,05h 00m,04:30,2.2,INR 370,45 Seats available
Digha to Kolkata,https://www.redbus.in/bus-tickets/digha-to-kolkata,Snemita Paribahan,A/C Seater (2+3),23:30,04h 30m,04:00,2.1,INR 370,45 Seats available
Digha to Kolkata,https://www.redbus.in/bus-tickets/digha-to-kolkata,Snemita Parisheba(Santosh),A/C Seater Push Back (2+3),23:00,05h 20m,04:20,2.1,INR 370,25 Seats available
Digha to Kolkata,https://www.redbus.in/bus-tickets/digha-to-kolkata,Bengal Surface Transport,A/C Seater Push Back (2+3),17:30,05h 00m,22:30,2.1,356,36 Seats available
Digha to Kolkata,https://www.redbus.in/bus-tickets/digha-to-kolkata,City Express (Shinjini),AC Seater (2+3),16:00,04h 30m,20:30,2.6,INR 270,26 Seats available
Digha to Kolkata,https://www.redbus.in/bus-tickets/digha-to-kolkata,Basu Travels,A/C Seater Push Back (2+3),17:30,05h 00m,22:30,1.6,356,30 Seats available
Digha to Kolkata,https://www.redbus.in/bus-tickets/digha-to-kolkata,Aradhana Travel,A/C Seater / Sleeper (2+2),18:35,04h 25m,23:00,1.3,450,20 Seats available
Digha to Kolkata,https://www.redbus.in/bus-tickets/digha-to-kolkata,Snemita Parisheba,AC Seater (2+3),17:00,04h 30m,21:30,1.9,INR 370,36 Seats available
Digha to Kolkata,https://www.redbus.in/bus-tickets/digha-to-kolkata,Sree Jagannath Travels,A/C Seater Push Back (2+3),14:00,04h 30m,18:30,1.2,INR 250,29 Seats available
Digha to Kolkata,https://www.redbus.in/bus-tickets/digha-to-kolkata,Snemita Parisheba,A/C Seater Push Back (2+3),12:30,04h 45m,17:15,1.9,INR 370,25 Seats available
Digha to Kolkata,https://www.redbus.in/bus-tickets/digha-to-kolkata,Samanta Travels,NON A/C Seater (2+3),16:00,05h 00m,21:00,2.5,INR 199,61 Seats available
Digha to Kolkata,https://www.redbus.in/bus-tickets/digha-to-kolkata,Arunita Paribahan,A/C Seater (2+3),23:35,04h 55m,04:30,1.9,INR 270,21 Seats available
Digha to Kolkata,https://www.redbus.in/bus-tickets/digha-to-kolkata,Ankita Paribahan(Parameswar),AC Seater (2+2),17:30,05h 20m,22:50,2.1,INR 400,36 Seats available
Digha to Kolkata,https://www.redbus.in/bus-tickets/digha-to-kolkata,Ankita Paribahan (Maity Motor),AC Seater (2+3),15:45,04h 30m,20:15,1.5,INR 320,41 Seats available
Digha to Kolkata,https://www.redbus.in/bus-tickets/digha-to-kolkata,Sagufta Travels(Atithi),A/C Seater Push Back (2+3),13:35,04h 55m,18:30,3.4,INR 315,20 Seats available
Digha to Kolkata,https://www.redbus.in/bus-tickets/digha-to-kolkata,Satya Paribahan,A/C Seater (2+3),18:20,04h 40m,23:00,3.0,INR 320,61 Seats available
Digha to Kolkata,https://www.redbus.in/bus-tickets/digha-to-kolkata,Rudraksha City Service,A/C Seater (2+3),13:00,04h 20m,17:20,3.0,INR 420,60 Seats available
Digha to Kolkata,https://www.redbus.in/bus-tickets/digha-to-kolkata,City Express (Shinjini),AC Seater (2+3),15:10,04h 40m,19:50,2.7,INR 370,25 Seats available
Digha to Kolkata,https://www.redbus.in/bus-tickets/digha-to-kolkata,City Express (Jackson),AC Seater (2+2),13:40,04h 35m,18:15,2.7,INR 370,20 Seats available
Digha to Kolkata,https://www.redbus.in/bus-tickets/digha-to-kolkata,Ankita Paribahan(Jackson),A/C Push Back (2+3),15:00,05h 05m,20:05,2.6,INR 320,29 Seats available
Digha to Kolkata,https://www.redbus.in/bus-tickets/digha-to-kolkata,Ankita Paribahan,A/C Seater Push Back (2+3),15:25,04h 35m,20:00,2.6,INR 320,60 Seats available
Digha to Kolkata,https://www.redbus.in/bus-tickets/digha-to-kolkata,Ankita Paribahan,A/C Seater Push Back (2+3),13:45,04h 35m,18:20,2.6,INR 420,41 Seats available
Digha to Kolkata,https://www.redbus.in/bus-tickets/digha-to-kolkata,Ankita Paribahan,A/C Seater Push Back (2+3),18:20,04h 40m,23:00,2.6,INR 320,46 Seats available
Digha to Kolkata,https://www.redbus.in/bus-tickets/digha-to-kolkata,Subhadip Travels(Narayan),A/C Executive (2+3),12:20,04h 40m,17:00,2.2,INR 420,60 Seats available
Digha to Kolkata,https://www.redbus.in/bus-tickets/digha-to-kolkata,Subhadip Travels(Jagannath),A/C Executive (2+3),14:00,04h 55m,18:55,2.2,INR 420,31 Seats available
Digha to Kolkata,https://www.redbus.in/bus-tickets/digha-to-kolkata,Subhadip Travels(Jagannath),A/C Executive (2+3),14:55,04h 45m,19:40,2.2,INR 420,31 Seats available
Digha to Kolkata,https://www.redbus.in/bus-tickets/digha-to-kolkata,Sree Jagannath Travels,A/C Seater Push Back (2+3),15:00,04h 30m,19:30,2.1,INR 450,25 Seats available
Digha to Kolkata,https://www.redbus.in/bus-tickets/digha-to-kolkata,Sree Jagannath Travels,A/C Seater Push Back (2+3),14:00,05h 00m,19:00,2.1,INR 450,29 Seats available
Digha to Kolkata,https://www.redbus.in/bus-tickets/digha-to-kolkata,Aniruddha Travels,NON A/C Seater Push Back (2+3) (2+3),15:20,05h 55m,21:15,1.9,INR 229,30 Seats available
Digha to Kolkata,https://www.redbus.in/bus-tickets/digha-to-kolkata,Arunita Paribahan,A/C Seater (2+3),12:30,04h 30m,17:00,2.0,INR 300,31 Seats available
Digha to Kolkata,https://www.redbus.in/bus-tickets/digha-to-kolkata,Aradhana Travel,A/C Seater / Sleeper (2+1),19:35,04h 24m,23:59,1.4,450,33 Seats available
Digha to Kolkata,https://www.redbus.in/bus-tickets/digha-to-kolkata,Aradhana Travel,Non AC Seater (2+3),21:45,05h 40m,03:25,1.4,450,13 Seats available
Digha to Kolkata,https://www.redbus.in/bus-tickets/digha-to-kolkata,Tara Ma Paribahan,Non AC Seater (2+3),13:00,05h 00m,18:00,1.0,INR 220,54 Seats available
Digha to Kolkata,https://www.redbus.in/bus-tickets/digha-to-kolkata,Aradhana Bus Service,Non AC Seater (2+3),16:50,05h 40m,22:30,1.1,INR 350,54 Seats available
Kolkata to Bolpur (West Bengal),https://www.redbus.in/bus-tickets/kolkata-to-bolpur-west-bengal,WBTC (CTC) KOLKATA -BOLPUR - SURI (AC-VOLVO) - 104|14:30,A/C Seater (2+2),14:30,03h 45m,18:15,4.1,INR 375,23 Seats available
Midnapore to Kolkata,https://www.redbus.in/bus-tickets/midnapore-to-kolkata,SBSTC-MIDNAPUR - KOLKATA - 13:30 (MID DEPOT) - 870,Non AC Seater (2+3),13:30,10h 30m,00:00,4.1,INR 110,34 Seats available
Midnapore to Kolkata,https://www.redbus.in/bus-tickets/midnapore-to-kolkata,SBSTC-MIDNAPUR - HABRA - 14:00 (MID DEPOT) - 1397,Non AC Seater (2+3),14:00,10h 00m,00:00,4.3,INR 111,17 Seats available
Midnapore to Kolkata,https://www.redbus.in/bus-tickets/midnapore-to-kolkata,SBSTC-MIDNAPUR - KOLKATA - 14:30 (MID DEPOT) - 871,Non AC Seater (2+3),14:30,09h 30m,00:00,4.0,INR 110,39 Seats available
Midnapore to Kolkata,https://www.redbus.in/bus-tickets/midnapore-to-kolkata,SBSTC-JHARGRAM - KARUNAMOYEE - VIA - KOLKATA - 13:35 - 1764,Non AC Seater (2+3),15:05,08h 55m,00:00,4.2,INR 110,43 Seats available
Midnapore to Kolkata,https://www.redbus.in/bus-tickets/midnapore-to-kolkata,SBSTC-MIDNAPUR - GARIA - 15:30 (MID DEPOT) - 1511,Non AC Seater (2+3),15:30,08h 30m,00:00,1.8,INR 129,38 Seats available
Midnapore to Kolkata,https://www.redbus.in/bus-tickets/midnapore-to-kolkata,SBSTC-MIDNAPUR - BARASAT - 16:00 (MID DEPOT) - 1193,Non AC Seater (2+3),16:00,08h 00m,00:00,4.0,INR 111,31 Seats available
Midnapore to Kolkata,https://www.redbus.in/bus-tickets/midnapore-to-kolkata,SBSTC-MIDNAPUR - KARUNAMOYEE - 16:40 - 997,Non AC Seater (2+3),16:40,07h 20m,00:00,4.1,INR 118,34 Seats available
Midnapore to Kolkata,https://www.redbus.in/bus-tickets/midnapore-to-kolkata,WBTC (CTC) Habra-Midnapur - 194|13:40,Non AC Seater (2+3),13:40,02h 45m,16:25,4.9,INR 105,19 Seats available
Midnapore to Kolkata,https://www.redbus.in/bus-tickets/midnapore-to-kolkata,WBTC (CTC) Habra-Midnapur - 194|14:45,Non AC Seater (2+3),14:45,02h 45m,17:30,4.1,INR 105,30 Seats available
Midnapore to Kolkata,https://www.redbus.in/bus-tickets/midnapore-to-kolkata,WBTC (CTC) Habra-Midnapur - 194|15:40,Non AC Seater (2+3),15:40,02h 45m,18:25,4.1,INR 105,23 Seats available
Midnapore to Kolkata,https://www.redbus.in/bus-tickets/midnapore-to-kolkata,WBTC (CTC) Barasat-Midnapur - 208|16:50,Non AC Seater (2+3),16:50,01h 50m,18:40,3.8,INR 105,30 Seats available
Durgapur (West Bengal) to Kolkata,https://www.redbus.in/bus-tickets/durgapur-to-kolkata,SBSTC-DURGAPUR - KARUNAMOYEE - 12:35 (DGP DEPOT) - 385,Non AC Seater (2+3),12:35,04h 10m,16:45,4.3,INR 155,40 Seats available
Durgapur (West Bengal) to Kolkata,https://www.redbus.in/bus-tickets/durgapur-to-kolkata,SBSTC-DURGAPUR - KOLKATA - 13:00 (DGP DEPOT) - 226,Non AC Seater (2+3),13:00,03h 30m,16:30,3.9,INR 150,47 Seats available
Durgapur (West Bengal) to Kolkata,https://www.redbus.in/bus-tickets/durgapur-to-kolkata,SBSTC-ASANSOL - KARUNAMOYEE - 12:20 (BEL DEPOT) - 214,Non AC Seater (2+3),13:30,04h 00m,17:30,3.8,INR 155,21 Seats available
Durgapur (West Bengal) to Kolkata,https://www.redbus.in/bus-tickets/durgapur-to-kolkata,SBSTC-ASANSOL - KOLKATA - L/S - 12:35 (HOWRAH DEPOT) - 205,Non AC Seater (2+3),13:40,03h 30m,17:10,2.9,INR 150,33 Seats available
Durgapur (West Bengal) to Kolkata,https://www.redbus.in/bus-tickets/durgapur-to-kolkata,SBSTC-BANKURA - KARUNAMOYEE - 12:00 (BNK DEPOT) - 857,Non AC Seater (2+3),13:50,04h 00m,17:50,3.9,INR 155,23 Seats available
Durgapur (West Bengal) to Kolkata,https://www.redbus.in/bus-tickets/durgapur-to-kolkata,SBSTC-DURGAPUR - HABRA - VIA - DUNLOP - 14:05 (DGP DEPOT - 243,Non AC Seater (2+3),14:05,03h 30m,17:35,3.8,INR 155,42 Seats available
Durgapur (West Bengal) to Kolkata,https://www.redbus.in/bus-tickets/durgapur-to-kolkata,SBSTC-ASANSOL - KARUNAMOYEE - AC - 13:30 (BEL DEPOT) - 1564,AC Seater (2+2),14:35,03h 55m,18:30,3.1,INR 300,33 Seats available
Durgapur (West Bengal) to Kolkata,https://www.redbus.in/bus-tickets/durgapur-to-kolkata,SBSTC-BANKURA - KARUNAMOYEE - 13:00 (BNK DEPOT) - 240,Non AC Seater (2+3),14:55,04h 00m,18:55,2.9,INR 155,27 Seats available
Durgapur (West Bengal) to Kolkata,https://www.redbus.in/bus-tickets/durgapur-to-kolkata,SBSTC-ASANSOL - KARUNAMOYEE - 13:55 (ASANSOL DEPOT) - 394,Non AC Seater (2+3),15:05,04h 00m,19:05,3.2,INR 155,33 Seats available
Durgapur (West Bengal) to Kolkata,https://www.redbus.in/bus-tickets/durgapur-to-kolkata,SBSTC-DURGAPUR - KOLKATA - SPL - 15:15 - 1068,Non AC Seater (2+3),15:15,03h 30m,18:45,3.7,INR 150,52 Seats available
Durgapur (West Bengal) to Kolkata,https://www.redbus.in/bus-tickets/durgapur-to-kolkata,SBSTC-ASANSOL - KOLKATA - 14:05 (HOWRAH DEPOT) - 748,Non AC Seater (2+3),15:15,03h 30m,18:45,3.9,INR 150,41 Seats available
Durgapur (West Bengal) to Kolkata,https://www.redbus.in/bus-tickets/durgapur-to-kolkata,SBSTC-DURGAPUR - KARUNAMOYEE - A/C - 15:30 (DGP DEPOT) - 1648,AC Seater (2+2),15:30,04h 30m,20:00,3.5,INR 300,32 Seats available
Durgapur (West Bengal) to Kolkata,https://www.redbus.in/bus-tickets/durgapur-to-kolkata,SBSTC-BANKURA - KARUNAMOYEE - 14:15 (BNK DEPOT) - 241,Non AC Seater (2+3),16:00,04h 00m,20:00,3.5,INR 155,26 Seats available
Durgapur (West Bengal) to Kolkata,https://www.redbus.in/bus-tickets/durgapur-to-kolkata,SBSTC-ASANSOL - KOLKATA - 15:05 (HWH DEPOT) - 210,Non AC Seater (2+3),16:15,03h 30m,19:45,2.8,INR 150,51 Seats available
Durgapur (West Bengal) to Kolkata,https://www.redbus.in/bus-tickets/durgapur-to-kolkata,SBSTC-DURGAPUR - KOLKATA - 16:15 (DGP DEPOT) - 1065,Non AC Seater (2+3),16:15,03h 30m,19:45,3.7,INR 150,52 Seats available
Durgapur (West Bengal) to Kolkata,https://www.redbus.in/bus-tickets/durgapur-to-kolkata,SBSTC-ASANSOL - KARUNAMOYEE - 15:10 (BEL DEPOT) - 216,Non AC Seater (2+3),16:20,04h 00m,20:20,3.5,INR 155,39 Seats available
Durgapur (West Bengal) to Kolkata,https://www.redbus.in/bus-tickets/durgapur-to-kolkata,SBSTC-DURGAPUR - KOLKATA - SPL - 16:45 - 1066,Non AC Seater (2+3),16:45,03h 30m,20:15,3.7,INR 150,48 Seats available
Durgapur (West Bengal) to Kolkata,https://www.redbus.in/bus-tickets/durgapur-to-kolkata,SBSTC-ASANSOL - KOLKATA - 15:35 (HOWRAH DEPOT) - 211,Non AC Seater (2+3),16:45,03h 30m,20:15,3.7,INR 150,52 Seats available
Durgapur (West Bengal) to Kolkata,https://www.redbus.in/bus-tickets/durgapur-to-kolkata,SBSTC-BANKURA - KARUNAMOYEE - A/C - 15:15 - 1500,AC Seater (2+2),17:00,04h 00m,21:00,2.3,INR 300,24 Seats available
Durgapur (West Bengal) to Kolkata,https://www.redbus.in/bus-tickets/durgapur-to-kolkata,SBSTC-ASANSOL - KARUNAMOYEE - 16:10 (BEL DEPOT) - 217,Non AC Seater (2+3),17:25,04h 00m,21:25,3.4,INR 155,35 Seats available
Durgapur (West Bengal) to Kolkata,https://www.redbus.in/bus-tickets/durgapur-to-kolkata,SBSTC-ASANSOL - KOLKATA - 16:30 (HOWRAH DEPOT) - 752,Non AC Seater (2+3),17:40,03h 30m,21:10,3.5,INR 150,49 Seats available
Durgapur (West Bengal) to Kolkata,https://www.redbus.in/bus-tickets/durgapur-to-kolkata,SBSTC-ASANSOL - KARUNAMOYEE - 16:40 (ASANSOL DEPOT) - 847,Non AC Seater (2+3),17:50,04h 10m,22:00,3.7,INR 155,51 Seats available
Durgapur (West Bengal) to Kolkata,https://www.redbus.in/bus-tickets/durgapur-to-kolkata,WBTC (CTC) KARUNAMOYEE - DURGAPUR - ASANSOL (AC Volvo) Banglashree Express - 135|13:30,A/C Seater (2+2),13:30,03h 15m,16:45,4.2,INR 350,24 Seats available
Durgapur (West Bengal) to Kolkata,https://www.redbus.in/bus-tickets/durgapur-to-kolkata,WBTC (CTC) Habra - Barasat - Durgapur - Asansol - 100|14:25,Non AC Seater (2+3),14:25,02h 35m,17:00,4.5,INR 135,22 Seats available
Durgapur (West Bengal) to Kolkata,https://www.redbus.in/bus-tickets/durgapur-to-kolkata,WBTC (CTC) KARUNAMOYEE - DURGAPUR - ASANSOL (AC Volvo) Banglashree Express - 135|15:10,A/C Seater (2+2),15:10,03h 15m,18:25,3.9,INR 350,22 Seats available
Durgapur (West Bengal) to Kolkata,https://www.redbus.in/bus-tickets/durgapur-to-kolkata,WBTC (CTC) KOLKATA - ASANSOL - PURULIA (AC VOLVO) Banglashree Express - 133|17:25,Volvo AC Seater (2+2),17:25,03h 00m,20:25,4.1,INR 350,41 Seats available
Durgapur (West Bengal) to Kolkata,https://www.redbus.in/bus-tickets/durgapur-to-kolkata,Greenline (Karunamoyee),Volvo A/C Seater (2+2),12:10,03h 40m,15:50,4.5,INR 486,16 Seats available
Durgapur (West Bengal) to Kolkata,https://www.redbus.in/bus-tickets/durgapur-to-kolkata,SHYAMOLI Pvt. Ltd.(Karunamoyee),Volvo A/C Seater (2+2),12:30,04h 00m,16:30,4.1,INR 486,22 Seats available
Durgapur (West Bengal) to Kolkata,https://www.redbus.in/bus-tickets/durgapur-to-kolkata,Greenline,Volvo A/C Seater (2+2),12:30,03h 50m,16:20,4.7,INR 486,20 Seats available
Durgapur (West Bengal) to Kolkata,https://www.redbus.in/bus-tickets/durgapur-to-kolkata,Shyamoli Paribahan Pvt Ltd,Volvo A/C Seater (2+2),12:55,03h 50m,16:45,4.2,INR 486,27 Seats available
Durgapur (West Bengal) to Kolkata,https://www.redbus.in/bus-tickets/durgapur-to-kolkata,Greenline (Karunamoyee),Volvo A/C Seater (2+2),13:10,04h 00m,17:10,4.4,INR 486,16 Seats available
Durgapur (West Bengal) to Kolkata,https://www.redbus.in/bus-tickets/durgapur-to-kolkata,Greenline,Volvo A/C Seater (2+2),13:30,03h 50m,17:20,4.7,INR 486,16 Seats available
Durgapur (West Bengal) to Kolkata,https://www.redbus.in/bus-tickets/durgapur-to-kolkata,SHYAMOLI Pvt. Ltd.(Karunamoyee),Volvo Multi-Axle A/C Semi Sleeper (2+2),13:45,04h 00m,17:45,4.2,INR 486,27 Seats available
Durgapur (West Bengal) to Kolkata,https://www.redbus.in/bus-tickets/durgapur-to-kolkata,Shyamoli Paribahan Pvt Ltd,Volvo A/C Seater (2+2),14:10,03h 50m,18:00,3.9,INR 486,20 Seats available
Durgapur (West Bengal) to Kolkata,https://www.redbus.in/bus-tickets/durgapur-to-kolkata,Express Line (Karunamoyee),Volvo A/C Seater (2+2),14:25,03h 45m,18:10,4.6,INR 486,7 Seats available
Durgapur (West Bengal) to Kolkata,https://www.redbus.in/bus-tickets/durgapur-to-kolkata,Greenline,Volvo A/C Seater (2+2),14:50,03h 40m,18:30,4.4,INR 486,13 Seats available
Durgapur (West Bengal) to Kolkata,https://www.redbus.in/bus-tickets/durgapur-to-kolkata,Express Line (Karunamoyee),Volvo 9600 A/C Semi Sleeper (2+2),15:05,03h 45m,18:50,4.4,INR 486,6 Seats available
Durgapur (West Bengal) to Kolkata,https://www.redbus.in/bus-tickets/durgapur-to-kolkata,Greenline (Karunamoyee),Volvo A/C B11R Multi Axle Semi Sleeper (2+2),15:30,04h 00m,19:30,4.2,INR 486,16 Seats available
Durgapur (West Bengal) to Kolkata,https://www.redbus.in/bus-tickets/durgapur-to-kolkata,Shyamoli Paribahan Pvt Ltd,Scania Multi-Axle AC Semi Sleeper (2+2),15:30,03h 50m,19:20,4.2,INR 486,25 Seats available
Durgapur (West Bengal) to Kolkata,https://www.redbus.in/bus-tickets/durgapur-to-kolkata,SHYAMOLI Pvt. Ltd.(Karunamoyee),Scania Multi-Axle AC Semi Sleeper (2+2),16:00,04h 00m,20:00,4.1,INR 486,33 Seats available
Durgapur (West Bengal) to Kolkata,https://www.redbus.in/bus-tickets/durgapur-to-kolkata,Greenline,Volvo A/C Seater (2+2),16:00,03h 50m,19:50,4.4,INR 486,13 Seats available
Durgapur (West Bengal) to Kolkata,https://www.redbus.in/bus-tickets/durgapur-to-kolkata,Shyamoli Paribahan Pvt Ltd,Volvo A/C Seater (2+2),16:30,04h 00m,20:30,3.8,INR 486,27 Seats available
Durgapur (West Bengal) to Kolkata,https://www.redbus.in/bus-tickets/durgapur-to-kolkata,Express Line (Karunamoyee),Volvo 9600 A/C Seater (2+2),16:30,03h 55m,20:25,4.2,INR 486,18 Seats available
Durgapur (West Bengal) to Kolkata,https://www.redbus.in/bus-tickets/durgapur-to-kolkata,Greenline,Volvo A/C Seater (2+2),17:10,03h 50m,21:00,4.0,INR 486,30 Seats available
Durgapur (West Bengal) to Kolkata,https://www.redbus.in/bus-tickets/durgapur-to-kolkata,Greenline (Karunamoyee),Volvo A/C Seater (2+2),17:30,03h 50m,21:20,4.0,INR 486,16 Seats available
Durgapur (West Bengal) to Kolkata,https://www.redbus.in/bus-tickets/durgapur-to-kolkata,SHYAMOLI Pvt. Ltd.(Karunamoyee),Volvo B11R Multi Axle Seater (2+2),17:50,03h 45m,21:35,4.1,INR 486,37 Seats available
Durgapur (West Bengal) to Kolkata,https://www.redbus.in/bus-tickets/durgapur-to-kolkata,Express Line,Volvo 9600 Multi Axle Semi-Sleeper (2+2),18:45,04h 05m,22:50,4.3,INR 486,33 Seats available
Barasat (West Bengal) to Digha,https://www.redbus.in/bus-tickets/barasat-west-bengal-to-digha,WBTC (CTC) BARASAT-DIGHA via Bally - 38|14:00,Non AC Seater (2+3),14:00,04h 00m,18:00,3.4,INR 161,23 Seats available
Barasat (West Bengal) to Digha,https://www.redbus.in/bus-tickets/barasat-west-bengal-to-digha,WBTC (CTC) HABRA-DIGHA via Bally - 26|14:00,Non AC Seater (2+3),14:00,04h 00m,18:00,2.5,INR 161,48 Seats available
Barasat (West Bengal) to Digha,https://www.redbus.in/bus-tickets/barasat-west-bengal-to-digha,WBTC (CTC) BARASAT-DIGHA via Bally - 38|15:00,Non AC Seater (2+3),15:00,03h 45m,18:45,3.1,INR 161,7 Seats available
Barasat (West Bengal) to Digha,https://www.redbus.in/bus-tickets/barasat-west-bengal-to-digha,Ankita Paribahan (SOHANA),AC Seater (2+3),12:30,05h 30m,18:00,2.7,INR 350,48 Seats available
Barasat (West Bengal) to Digha,https://www.redbus.in/bus-tickets/barasat-west-bengal-to-digha,Rohit Travels,A/C Seater (2+2),23:10,04h 30m,03:40,0,INR 550,45 Seats available
Midnapore to Barasat (West Bengal),https://www.redbus.in/bus-tickets/midnapore-to-barasat-west-bengal,WBTC (CTC) Habra-Midnapur - 194|13:40,Non AC Seater (2+3),13:40,03h 15m,16:55,4.3,INR 120,19 Seats available
Midnapore to Barasat (West Bengal),https://www.redbus.in/bus-tickets/midnapore-to-barasat-west-bengal,WBTC (CTC) Habra-Midnapur - 194|14:45,Non AC Seater (2+3),14:45,03h 10m,17:55,4.0,INR 120,26 Seats available
Midnapore to Barasat (West Bengal),https://www.redbus.in/bus-tickets/midnapore-to-barasat-west-bengal,WBTC (CTC) Habra-Midnapur - 194|15:40,Non AC Seater (2+3),15:40,03h 15m,18:55,3.3,INR 120,23 Seats available
Midnapore to Barasat (West Bengal),https://www.redbus.in/bus-tickets/midnapore-to-barasat-west-bengal,WBTC (CTC) Barasat-Midnapur - 208|16:50,Non AC Seater (2+3),16:50,02h 15m,19:05,3.4,INR 120,30 Seats available
Midnapore to Barasat (West Bengal),https://www.redbus.in/bus-tickets/midnapore-to-barasat-west-bengal,SBSTC-MIDNAPUR - HABRA - 14:00 (MID DEPOT) - 1397,Non AC Seater (2+3),14:00,10h 00m,00:00,3.9,INR 125,21 Seats available
Midnapore to Barasat (West Bengal),https://www.redbus.in/bus-tickets/midnapore-to-barasat-west-bengal,SBSTC-MIDNAPUR - BARASAT - 16:00 (MID DEPOT) - 1193,Non AC Seater (2+3),16:00,08h 00m,00:00,3.8,INR 125,33 Seats available
Barasat (West Bengal) to Nandakumar (west bengal),https://www.redbus.in/bus-tickets/barasat-west-bengal-to-nandakumar,WBTC (CTC) HABRA-DIGHA via Bally - 26|14:00,Non AC Seater (2+3),14:00,02h 10m,16:10,4.6,INR 90,48 Seats available
Barasat (West Bengal) to Nandakumar (west bengal),https://www.redbus.in/bus-tickets/barasat-west-bengal-to-nandakumar,WBTC (CTC) BARASAT-DIGHA via Bally - 38|14:00,Non AC Seater (2+3),14:00,02h 10m,16:10,3.8,INR 90,23 Seats available
Barasat (West Bengal) to Nandakumar (west bengal),https://www.redbus.in/bus-tickets/barasat-west-bengal-to-nandakumar,WBTC (CTC) BARASAT-DIGHA via Bally - 38|15:00,Non AC Seater (2+3),15:00,01h 45m,16:45,4.2,INR 90,7 Seats available
Barasat (West Bengal) to Contai (Kanthi),https://www.redbus.in/bus-tickets/barasat-west-bengal-to-contai-kanthi,WBTC (CTC) BARASAT-DIGHA via Bally - 38|14:00,Non AC Seater (2+3),14:00,03h 10m,17:10,3.5,INR 131,23 Seats available
Barasat (West Bengal) to Contai (Kanthi),https://www.redbus.in/bus-tickets/barasat-west-bengal-to-contai-kanthi,WBTC (CTC) HABRA-DIGHA via Bally - 26|14:00,Non AC Seater (2+3),14:00,03h 10m,17:10,3.8,INR 131,48 Seats available
Barasat (West Bengal) to Contai (Kanthi),https://www.redbus.in/bus-tickets/barasat-west-bengal-to-contai-kanthi,WBTC (CTC) BARASAT-DIGHA via Bally - 38|15:00,Non AC Seater (2+3),15:00,02h 45m,17:45,3.7,INR 131,7 Seats available
Barasat (West Bengal) to Contai (Kanthi),https://www.redbus.in/bus-tickets/barasat-west-bengal-to-contai-kanthi,Rohit Travels,A/C Seater (2+2),23:10,03h 30m,02:40,0,INR 550,45 Seats available
Barasat (West Bengal) to Kolaghat,https://www.redbus.in/bus-tickets/barasat-west-bengal-to-kolaghat,WBTC (CTC) HABRA-DIGHA via Bally - 26|14:00,Non AC Seater (2+3),14:00,01h 40m,15:40,3.5,INR 69,48 Seats available
Barasat (West Bengal) to Kolaghat,https://www.redbus.in/bus-tickets/barasat-west-bengal-to-kolaghat,WBTC (CTC) BARASAT-DIGHA via Bally - 38|14:00,Non AC Seater (2+3),14:00,01h 40m,15:40,3.4,INR 69,25 Seats available
Barasat (West Bengal) to Kolaghat,https://www.redbus.in/bus-tickets/barasat-west-bengal-to-kolaghat,WBTC (CTC) BARASAT-DIGHA via Bally - 38|15:00,Non AC Seater (2+3),15:00,01h 25m,16:25,3.4,INR 69,7 Seats available
Kolkata to Mayapur ISKCON,https://www.redbus.in/bus-tickets/kolkata-to-mayapur-iskcon,WBTC (CTC) KOLKATA - KRISNANAGAR - MAYAPUR (AC- VOLVO) Banglashree Express - 140|15:30,A/C Seater (2+2),15:30,04h 20m,19:50,4.3,INR 255,38 Seats available
Kolkata to Durgapur (West Bengal),https://www.redbus.in/bus-tickets/kolkata-to-durgapur,SBSTC-KOLKATA - DURGAPUR - 12:50 (Durgapur) - 328,Non AC Seater (2+3),12:50,03h 30m,16:20,2.9,INR 150,52 Seats available
Kolkata to Durgapur (West Bengal),https://www.redbus.in/bus-tickets/kolkata-to-durgapur,SBSTC-KARUNAMOYEE - DURGAPUR - 12:50 (DGP DEPOT) - 180,Non AC Seater (2+3),12:50,03h 55m,16:45,4.3,INR 155,44 Seats available
Kolkata to Durgapur (West Bengal),https://www.redbus.in/bus-tickets/kolkata-to-durgapur,SBSTC-KOLKATA - PURULIA - VIA - BANKURA - 13:00 (PRL DEP - 290,Non AC Seater (2+3),13:00,03h 00m,16:00,3.8,INR 150,37 Seats available
Kolkata to Durgapur (West Bengal),https://www.redbus.in/bus-tickets/kolkata-to-durgapur,SBSTC-KOLKATA - ASANSOL - 13:15 (ASANSOL DEPOT) - 767,Non AC Seater (2+3),13:15,03h 30m,16:45,4.8,INR 150,49 Seats available
Kolkata to Durgapur (West Bengal),https://www.redbus.in/bus-tickets/kolkata-to-durgapur,SBSTC-KARUNAMOYEE - ASANSOL - 13:30 (ASN DEPOT) - 246,Non AC Seater (2+3),13:30,03h 45m,17:15,3.5,INR 155,39 Seats available
Kolkata to Durgapur (West Bengal),https://www.redbus.in/bus-tickets/kolkata-to-durgapur,SBSTC-HALDIA - ASANSOL - VIA - KOLKATA - 09:30 (HLD DEPO - 1763,Non AC Seater (2+3),13:45,03h 30m,17:15,3.4,INR 150,52 Seats available
Kolkata to Durgapur (West Bengal),https://www.redbus.in/bus-tickets/kolkata-to-durgapur,SBSTC-KOLKATA - DURGAPUR - 14:00 (DGP DEPOT) - 170,Non AC Seater (2+3),14:00,03h 30m,17:30,3.7,INR 150,52 Seats available
Kolkata to Durgapur (West Bengal),https://www.redbus.in/bus-tickets/kolkata-to-durgapur,SBSTC-KARUNAMOYEE - ASANSOL - 14:00 (ASN DEPOT) - 247,Non AC Seater (2+3),14:00,03h 45m,17:45,3.4,INR 155,36 Seats available
Kolkata to Durgapur (West Bengal),https://www.redbus.in/bus-tickets/kolkata-to-durgapur,SBSTC-KOLKATA - PURULIA - VIA - ASN - 14:15 (PRL DEPOT) - 292,Non AC Seater (2+3),14:15,03h 00m,17:15,2.1,INR 150,49 Seats available
Kolkata to Durgapur (West Bengal),https://www.redbus.in/bus-tickets/kolkata-to-durgapur,SBSTC-KARUNAMOYEE - BANKURA - VIA - DURGAPUR - 14:30 - 312,Non AC Seater (2+3),14:30,03h 45m,18:15,3.7,INR 155,37 Seats available
Kolkata to Durgapur (West Bengal),https://www.redbus.in/bus-tickets/kolkata-to-durgapur,SBSTC-KOLKATA - BANKURA - 14:30 (Bankura Depot) - 2756,Non AC Seater (2+3),14:30,03h 30m,18:00,4.1,INR 150,49 Seats available
Kolkata to Durgapur (West Bengal),https://www.redbus.in/bus-tickets/kolkata-to-durgapur,SBSTC-KOLKATA - ASANSOL - 14:45 (ASANSOL DEPOT) - 256,Non AC Seater (2+3),14:45,03h 30m,18:15,3.3,INR 150,51 Seats available
Kolkata to Durgapur (West Bengal),https://www.redbus.in/bus-tickets/kolkata-to-durgapur,SBSTC-KARUNAMOYEE - ASANSOL - 15:00 (ASN DEPOT) - 248,Non AC Seater (2+3),15:00,03h 45m,18:45,3.2,INR 155,45 Seats available
Kolkata to Durgapur (West Bengal),https://www.redbus.in/bus-tickets/kolkata-to-durgapur,SBSTC-KOLKATA - ASANSOL - 15:00 (ASANSOL DEPOT) - 257,Non AC Seater (2+3),15:00,03h 30m,18:30,2.4,INR 150,52 Seats available
Kolkata to Durgapur (West Bengal),https://www.redbus.in/bus-tickets/kolkata-to-durgapur,SBSTC-KOLKATA - DURGAPUR - 15:15 (DGP DEPOT) - 759,Non AC Seater (2+3),15:15,03h 30m,18:45,3.7,INR 150,52 Seats available
Kolkata to Durgapur (West Bengal),https://www.redbus.in/bus-tickets/kolkata-to-durgapur,SBSTC-KOLKATA - BANKURA - 15:30 (Bankura Depot) - 294,Non AC Seater (2+3),15:30,03h 30m,19:00,3.5,INR 150,45 Seats available
Kolkata to Durgapur (West Bengal),https://www.redbus.in/bus-tickets/kolkata-to-durgapur,SBSTC-KARUNAMOYEE - ASANSOL - 15:30 (ASN DEPOT) - 249,Non AC Seater (2+3),15:30,03h 45m,19:15,3.7,INR 155,41 Seats available
Kolkata to Durgapur (West Bengal),https://www.redbus.in/bus-tickets/kolkata-to-durgapur,SBSTC-KOLKATA - ASANSOL - 16:00 (ASANSOL DEPOT) - 768,Non AC Seater (2+3),16:00,03h 30m,19:30,4.5,INR 150,52 Seats available
Kolkata to Durgapur (West Bengal),https://www.redbus.in/bus-tickets/kolkata-to-durgapur,SBSTC-KOLKATA - DURGAPUR - 16:15 (DGP DEPOT) - 760,Non AC Seater (2+3),16:15,03h 30m,19:45,4.0,INR 150,52 Seats available
Kolkata to Durgapur (West Bengal),https://www.redbus.in/bus-tickets/kolkata-to-durgapur,SBSTC-KARUNAMOYEE - DURGAPUR - 16:30 (DGP DEPOT) - 181,Non AC Seater (2+3),16:30,04h 00m,20:30,4.0,INR 155,48 Seats available
Kolkata to Durgapur (West Bengal),https://www.redbus.in/bus-tickets/kolkata-to-durgapur,SBSTC-KARUNAMOYEE - BANKURA - VIA - DURGAPUR - 17:00 - 311,Non AC Seater (2+3),17:00,03h 15m,20:15,3.5,INR 155,42 Seats available
Kolkata to Durgapur (West Bengal),https://www.redbus.in/bus-tickets/kolkata-to-durgapur,SBSTC-KOLKATA - ASANSOL - L/S - 17:00 (ASANSOL DEPOT) - 769,Non AC Seater (2+3),17:00,03h 30m,20:30,4.2,INR 150,49 Seats available
Kolkata to Durgapur (West Bengal),https://www.redbus.in/bus-tickets/kolkata-to-durgapur,SBSTC-KOLKATA - DURGAPUR - 17:15 (DGP DEPOT) - 173,Non AC Seater (2+3),17:15,03h 30m,20:45,3.2,INR 150,51 Seats available
Kolkata to Durgapur (West Bengal),https://www.redbus.in/bus-tickets/kolkata-to-durgapur,SBSTC-KARUNAMOYEE - DURGAPUR - 17:30 (DGP DEPOT) - 1129,Non AC Seater (2+3),17:30,04h 00m,21:30,3.6,INR 155,47 Seats available
Kolkata to Durgapur (West Bengal),https://www.redbus.in/bus-tickets/kolkata-to-durgapur,SBSTC-KOLKATA - JAMURIA - VIA - DURGAPUR - 17:30 - 300,Non AC Seater (2+3),17:30,03h 30m,21:00,4.6,INR 150,52 Seats available
Kolkata to Durgapur (West Bengal),https://www.redbus.in/bus-tickets/kolkata-to-durgapur,SBSTC-KOLKATA - DURGAPUR - 18:30 (DGP DEPOT) - 176,Non AC Seater (2+3),18:30,03h 30m,22:00,3.6,INR 150,51 Seats available
Kolkata to Durgapur (West Bengal),https://www.redbus.in/bus-tickets/kolkata-to-durgapur,WBTC (CTC) KOLKATA - ASANSOL - PURULIA (AC VOLVO) Banglashree Express - 133|13:45,A/C Seater (2+2),13:45,03h 00m,16:45,4.5,INR 350,19 Seats available
Kolkata to Durgapur (West Bengal),https://www.redbus.in/bus-tickets/kolkata-to-durgapur,SHYAMOLI Pvt. Ltd.(Karunamoyee),Volvo A/C Seater (2+2),12:15,03h 45m,16:00,4.2,INR 486,22 Seats available
Kolkata to Durgapur (West Bengal),https://www.redbus.in/bus-tickets/kolkata-to-durgapur,Greenline,Volvo A/C Seater (2+2),12:15,03h 15m,15:30,4.2,INR 486,33 Seats available
Kolkata to Durgapur (West Bengal),https://www.redbus.in/bus-tickets/kolkata-to-durgapur,Shyamoli Paribahan Pvt Ltd,Volvo Multi-Axle A/C seater/sleeper (2+1),12:25,03h 35m,16:00,3.6,INR 486,42 Seats available
Kolkata to Durgapur (West Bengal),https://www.redbus.in/bus-tickets/kolkata-to-durgapur,Greenline,Volvo A/C Seater (2+2),12:30,04h 00m,16:30,4.7,INR 486,33 Seats available
Kolkata to Durgapur (West Bengal),https://www.redbus.in/bus-tickets/kolkata-to-durgapur,Greenline (Karunamoyee),Volvo A/C Seater (2+2),13:00,04h 00m,17:00,4.7,INR 486,12 Seats available
Kolkata to Durgapur (West Bengal),https://www.redbus.in/bus-tickets/kolkata-to-durgapur,Shyamoli Paribahan Pvt Ltd,Volvo A/C Seater (2+2),13:00,04h 00m,17:00,4.2,INR 486,26 Seats available
Kolkata to Durgapur (West Bengal),https://www.redbus.in/bus-tickets/kolkata-to-durgapur,Shyamoli Paribahan Pvt Ltd,Volvo A/C Seater (2+2),14:00,04h 00m,18:00,4.2,INR 486,23 Seats available
Kolkata to Durgapur (West Bengal),https://www.redbus.in/bus-tickets/kolkata-to-durgapur,SHYAMOLI Pvt. Ltd.(Karunamoyee),Scania Multi-Axle AC Semi Sleeper (2+2),14:00,04h 00m,18:00,4.4,INR 486,34 Seats available
Kolkata to Durgapur (West Bengal),https://www.redbus.in/bus-tickets/kolkata-to-durgapur,Greenline,Volvo A/C Seater (2+2),14:30,04h 00m,18:30,4.9,INR 486,36 Seats available
Kolkata to Durgapur (West Bengal),https://www.redbus.in/bus-tickets/kolkata-to-durgapur,Greenline (Karunamoyee),Volvo A/C Seater (2+2),15:00,04h 00m,19:00,4.5,INR 486,21 Seats available
Kolkata to Durgapur (West Bengal),https://www.redbus.in/bus-tickets/kolkata-to-durgapur,Shyamoli Paribahan Pvt Ltd,Volvo A/C Seater (2+2),15:00,03h 00m,18:00,4.3,INR 486,6 Seats available
Kolkata to Durgapur (West Bengal),https://www.redbus.in/bus-tickets/kolkata-to-durgapur,Express Line,Volvo A/C Seater (2+2),15:30,03h 00m,18:30,4.3,INR 486,39 Seats available
Kolkata to Durgapur (West Bengal),https://www.redbus.in/bus-tickets/kolkata-to-durgapur,Express Line (Karunamoyee),Volvo 9600 A/C Seater (2+2),15:45,04h 00m,19:45,4.8,INR 486,39 Seats available
Kolkata to Durgapur (West Bengal),https://www.redbus.in/bus-tickets/kolkata-to-durgapur,Greenline,Volvo 9600 Multi Axle Semi-Sleeper (2+2),16:00,03h 15m,19:15,4.7,INR 486,27 Seats available
Kolkata to Durgapur (West Bengal),https://www.redbus.in/bus-tickets/kolkata-to-durgapur,SHYAMOLI Pvt. Ltd.(Karunamoyee),Volvo A/C Seater (2+2),16:00,04h 00m,20:00,4.0,INR 486,26 Seats available
Kolkata to Durgapur (West Bengal),https://www.redbus.in/bus-tickets/kolkata-to-durgapur,Shyamoli Paribahan Pvt Ltd,Volvo A/C Seater (2+2),16:40,04h 00m,20:40,4.1,INR 486,28 Seats available
Kolkata to Durgapur (West Bengal),https://www.redbus.in/bus-tickets/kolkata-to-durgapur,Greenline (Karunamoyee),Volvo A/C Seater (2+2),16:45,04h 00m,20:45,4.4,INR 486,25 Seats available
Kolkata to Durgapur (West Bengal),https://www.redbus.in/bus-tickets/kolkata-to-durgapur,Express Line,Volvo 9600 A/C Semi Sleeper (2+2),17:20,04h 00m,21:20,4.5,INR 486,45 Seats available
Kolkata to Durgapur (West Bengal),https://www.redbus.in/bus-tickets/kolkata-to-durgapur,SHYAMOLI Pvt. Ltd.(Karunamoyee),Volvo A/C Seater (2+2),17:30,04h 00m,21:30,4.3,INR 486,38 Seats available
Kolkata to Durgapur (West Bengal),https://www.redbus.in/bus-tickets/kolkata-to-durgapur,Greenline (Karunamoyee),Volvo A/C Seater (2+2),18:00,04h 00m,22:00,4.5,INR 486,32 Seats available
Kolkata to Durgapur (West Bengal),https://www.redbus.in/bus-tickets/kolkata-to-durgapur,Greenline,Volvo A/C Seater (2+2),18:05,04h 00m,22:05,4.5,INR 486,36 Seats available
Kolkata to Durgapur (West Bengal),https://www.redbus.in/bus-tickets/kolkata-to-durgapur,Royal Cruiser,Scania Multi-Axle AC Semi Sleeper (2+2),19:30,03h 45m,23:15,3.6,463,39 Seats available
Kolkata to Durgapur (West Bengal),https://www.redbus.in/bus-tickets/kolkata-to-durgapur,Maharani Travels,NON AC Seater / Sleeper 2+1,16:30,04h 15m,20:45,2.4,INR 700,12 Seats available
Kolkata to Durgapur (West Bengal),https://www.redbus.in/bus-tickets/kolkata-to-durgapur,Maharani Express,NON A/C Seater / Sleeper (2+2),17:00,03h 30m,20:30,2.2,675,56 Seats available
Kolkata to Durgapur (West Bengal),https://www.redbus.in/bus-tickets/kolkata-to-durgapur,Pariwartan Bus Service,NON A/C Seater / Sleeper (2+2),18:30,04h 30m,23:00,,INR 500,54 Seats available
Kolkata to Durgapur (West Bengal),https://www.redbus.in/bus-tickets/kolkata-to-durgapur,Lokenath Bus Service,Volvo Multi Axle B11R AC Seater\Sleeper (2+1),17:15,03h 15m,20:30,4.3,1950,9 Seats available
Kolkata to Durgapur (West Bengal),https://www.redbus.in/bus-tickets/kolkata-to-durgapur,Pammi Travels,A/C Sleeper (2+1),21:29,23h 01m,20:30,3.3,INR 3001,20 Seats available
Kolkata to Durgapur (West Bengal),https://www.redbus.in/bus-tickets/kolkata-to-durgapur,Tulsi Travel,NON A/C Seater / Sleeper (2+2),14:45,02h 15m,17:00,1.5,INR 899,25 Seats available
Kolkata to Durgapur (West Bengal),https://www.redbus.in/bus-tickets/kolkata-to-durgapur,Maharani Express,A/C Seater / Sleeper (2+2),15:30,04h 00m,19:30,2.2,810,23 Seats available
Kolkata to Durgapur (West Bengal),https://www.redbus.in/bus-tickets/kolkata-to-durgapur,Maharani Travels,A/C Seater / Sleeper (2+1),21:05,04h 25m,01:30,2.4,INR 800,15 Seats available
Kolkata to Suri,https://www.redbus.in/bus-tickets/kolkata-to-suri,SBSTC-KOLKATA - SURI - 13:00 (Suri Depot) - 2914,Non AC Seater (2+3),13:00,06h 00m,19:00,3.6,INR 190,52 Seats available
Kolkata to Suri,https://www.redbus.in/bus-tickets/kolkata-to-suri,SBSTC-KOLKATA - SURI - 14:00 - VIA JOYDEB GHAT (Suri De - 652,Non AC Seater (2+3),14:00,05h 30m,19:30,1.9,INR 190,51 Seats available
Kolkata to Suri,https://www.redbus.in/bus-tickets/kolkata-to-suri,SBSTC-KOLKATA - SURI - 15:30 - (Suri Depot) - 655,Non AC Seater (2+3),15:30,05h 30m,21:00,4.1,INR 190,52 Seats available
Kolkata to Suri,https://www.redbus.in/bus-tickets/kolkata-to-suri,SBSTC-KOLKATA - SURI - 16: 30 - (Suri Depot) - 653,Non AC Seater (2+3),16:30,05h 30m,22:00,3.8,INR 190,52 Seats available
Kolkata to Suri,https://www.redbus.in/bus-tickets/kolkata-to-suri,SBSTC-KOLKATA - SURI - 18:00 - (Suri Depot) - 1205,Non AC Seater (2+3),18:00,05h 00m,23:00,3.8,INR 190,52 Seats available
Kolkata to Suri,https://www.redbus.in/bus-tickets/kolkata-to-suri,WBTC (CTC) KOLKATA -BOLPUR - SURI (AC-VOLVO) - 104|14:30,A/C Seater (2+2),14:30,04h 40m,19:10,4.1,INR 435,21 Seats available
Haldia to Kolkata,https://www.redbus.in/bus-tickets/haldia-to-kolkata,SBSTC-HALDIA - KOLKATA - 13:00 (Haldia Depot) - 635,Non AC Seater (2+3),13:00,03h 00m,16:00,4.3,INR 110,32 Seats available
Haldia to Kolkata,https://www.redbus.in/bus-tickets/haldia-to-kolkata,SBSTC-HALDIA - KOLKATA - ALL STOP - 13:30 (Haldia Depot) - 629,Non AC Seater (2+3),13:30,03h 00m,16:30,3.9,INR 110,29 Seats available
Haldia to Kolkata,https://www.redbus.in/bus-tickets/haldia-to-kolkata,SBSTC-HALDIA - KOLKATA - 14:00 (Haldia Depot) - 640,Non AC Seater (2+3),14:00,03h 00m,17:00,4.2,INR 110,22 Seats available
Haldia to Kolkata,https://www.redbus.in/bus-tickets/haldia-to-kolkata,SBSTC-HALDIA - KOLKATA - 15:00 (Haldia Depot) - 641,Non AC Seater (2+3),15:00,03h 00m,18:00,3.9,INR 110,22 Seats available
Haldia to Kolkata,https://www.redbus.in/bus-tickets/haldia-to-kolkata,SBSTC-HALDIA - KOLKATA - 15:30 (Haldia Depot) - 4019,Non AC Seater (2+3),15:30,03h 00m,18:30,4.2,INR 110,39 Seats available
Haldia to Kolkata,https://www.redbus.in/bus-tickets/haldia-to-kolkata,SBSTC-HALDIA - KOLKATA - 15:45 (BWN DEPOT) - 835,Non AC Seater (2+3),15:45,03h 00m,18:45,4.2,INR 110,44 Seats available
Haldia to Kolkata,https://www.redbus.in/bus-tickets/haldia-to-kolkata,SBSTC-HALDIA - KOLKATA - 16:05 (HALDIA DEPOT) - 1328,Non AC Seater (2+3),16:05,03h 00m,19:05,3.9,INR 110,37 Seats available
Haldia to Kolkata,https://www.redbus.in/bus-tickets/haldia-to-kolkata,SBSTC-HALDIA - KOLKATA - ALL STOP - 17:30 (HLD DEPOT) - 630,Non AC Seater (2+3),17:30,03h 00m,20:30,3.9,INR 110,32 Seats available
Haldia to Kolkata,https://www.redbus.in/bus-tickets/haldia-to-kolkata,WBTC (CTC) Habra- Barasat- Haldia - 180|16:45,Non AC Seater (2+3),16:45,02h 45m,19:30,4.2,INR 97,33 Seats available
Barasat (West Bengal) to Heria,https://www.redbus.in/bus-tickets/barasat-west-bengal-to-heria,WBTC (CTC) HABRA-DIGHA via Bally - 26|14:00,Non AC Seater (2+3),14:00,02h 40m,16:40,1.6,INR 112,48 Seats available
Barasat (West Bengal) to Heria,https://www.redbus.in/bus-tickets/barasat-west-bengal-to-heria,WBTC (CTC) BARASAT-DIGHA via Bally - 38|14:00,Non AC Seater (2+3),14:00,02h 40m,16:40,3.4,INR 112,25 Seats available
Barasat (West Bengal) to Heria,https://www.redbus.in/bus-tickets/barasat-west-bengal-to-heria,WBTC (CTC) BARASAT-DIGHA via Bally - 38|15:00,Non AC Seater (2+3),15:00,02h 15m,17:15,3.4,INR 112,8 Seats available
Haldia to Barasat (West Bengal),https://www.redbus.in/bus-tickets/haldia-to-barasat-west-bengal,SBSTC-HALDIA - HABRA - 16:30 - 1510,Non AC Seater (2+3),16:30,07h 30m,00:00,3.7,INR 124,36 Seats available
Haldia to Barasat (West Bengal),https://www.redbus.in/bus-tickets/haldia-to-barasat-west-bengal,WBTC (CTC) Habra- Barasat- Haldia - 180|16:45,Non AC Seater (2+3),16:45,03h 15m,20:00,4.2,INR 113,32 Seats available
Kolkata to Purulia,https://www.redbus.in/bus-tickets/kolkata-to-purulia,SBSTC-KOLKATA - PURULIA - VIA - BANKURA - 13:00 (PRL DEP - 290,Non AC Seater (2+3),13:00,06h 30m,19:30,3.8,INR 250,36 Seats available
Kolkata to Purulia,https://www.redbus.in/bus-tickets/kolkata-to-purulia,SBSTC-KOLKATA - PURULIA - VIA - ASN - 14:15 (PRL DEPOT) - 292,Non AC Seater (2+3),14:15,06h 30m,20:45,1.7,INR 250,49 Seats available
Kolkata to Purulia,https://www.redbus.in/bus-tickets/kolkata-to-purulia,WBTC (CTC) KOLKATA - ASANSOL - PURULIA (AC VOLVO) Banglashree Express - 133|13:45,A/C Seater (2+2),13:45,06h 10m,19:55,3.6,INR 595,18 Seats available
Kolkata to Purulia,https://www.redbus.in/bus-tickets/kolkata-to-purulia,City Queen Bus Service,Non AC Seater (2+2),20:50,08h 10m,05:00,2.3,INR 250,11 Seats available
Kolkata to Purulia,https://www.redbus.in/bus-tickets/kolkata-to-purulia,City Queen Bus Service,Non AC Seater (2+2),21:30,10h 00m,07:30,1.7,INR 285,15 Seats available
Midnapore to Kolkata Airport,https://www.redbus.in/bus-tickets/midnapore-to-kolkata-airport,WBTC (CTC) Habra-Midnapur - 194|13:40,Non AC Seater (2+3),13:40,03h 00m,16:40,4.5,INR 111,19 Seats available
Midnapore to Kolkata Airport,https://www.redbus.in/bus-tickets/midnapore-to-kolkata-airport,WBTC (CTC) Habra-Midnapur - 194|14:45,Non AC Seater (2+3),14:45,02h 55m,17:40,5.0,INR 111,29 Seats available
Midnapore to Kolkata Airport,https://www.redbus.in/bus-tickets/midnapore-to-kolkata-airport,WBTC (CTC) Habra-Midnapur - 194|15:40,Non AC Seater (2+3),15:40,03h 00m,18:40,3.9,INR 111,23 Seats available
Midnapore to Kolkata Airport,https://www.redbus.in/bus-tickets/midnapore-to-kolkata-airport,WBTC (CTC) Barasat-Midnapur - 208|16:50,Non AC Seater (2+3),16:50,02h 00m,18:50,2.7,INR 111,30 Seats available
Durgapur (West Bengal) to Barasat (West Bengal),https://www.redbus.in/bus-tickets/durgapur-to-barasat-west-bengal,SBSTC-DURGAPUR - HABRA - VIA - DUNLOP - 14:05 (DGP DEPOT - 243,Non AC Seater (2+3),14:05,03h 30m,17:35,3.9,INR 155,43 Seats available
Durgapur (West Bengal) to Barasat (West Bengal),https://www.redbus.in/bus-tickets/durgapur-to-barasat-west-bengal,WBTC (CTC) Habra - Barasat - Durgapur - Asansol - 100|14:25,Non AC Seater (2+3),14:25,03h 00m,17:25,3.9,INR 147,22 Seats available
Digha to Habra,https://www.redbus.in/bus-tickets/digha-to-habra,WBTC (CTC) HABRA - DIGHA (AC-VOLVO) - 89|12:30,A/C Seater (2+2),12:30,04h 45m,17:15,3.4,INR 460,34 Seats available
Digha to Habra,https://www.redbus.in/bus-tickets/digha-to-habra,WBTC (CTC) HABRA-DIGHA via Bally - 26|12:50,Non AC Seater (2+3),12:50,05h 45m,18:35,4.1,INR 179,44 Seats available
Digha to Habra,https://www.redbus.in/bus-tickets/digha-to-habra,WBTC (CTC) HABRA-DIGHA via Bally - 26|14:50,Non AC Seater (2+3),14:50,05h 45m,20:35,2.6,INR 179,44 Seats available
Digha to Habra,https://www.redbus.in/bus-tickets/digha-to-habra,SBSTC-DIGHA - HABRA - 13:40 (DIGHA DEPOT) - 522,Non AC Seater (2+3),13:40,07h 00m,20:40,3.9,INR 188,49 Seats available
Chowrangee(Kharagpur) to Barasat (West Bengal),https://www.redbus.in/bus-tickets/chowrangee-kharagpur-to-barasat-west-bengal,WBTC (CTC) Habra-Midnapur - 194|13:55,Non AC Seater (2+3),13:55,03h 00m,16:55,3.1,INR 114,19 Seats available
Chowrangee(Kharagpur) to Barasat (West Bengal),https://www.redbus.in/bus-tickets/chowrangee-kharagpur-to-barasat-west-bengal,WBTC (CTC) Habra-Midnapur - 194|15:00,Non AC Seater (2+3),15:00,02h 55m,17:55,3.5,INR 114,29 Seats available
Chowrangee(Kharagpur) to Barasat (West Bengal),https://www.redbus.in/bus-tickets/chowrangee-kharagpur-to-barasat-west-bengal,WBTC (CTC) Habra-Midnapur - 194|15:55,Non AC Seater (2+3),15:55,03h 00m,18:55,4.0,INR 114,23 Seats available
Chowrangee(Kharagpur) to Barasat (West Bengal),https://www.redbus.in/bus-tickets/chowrangee-kharagpur-to-barasat-west-bengal,WBTC (CTC) Barasat-Midnapur - 208|17:05,Non AC Seater (2+3),17:05,02h 00m,19:05,2.4,INR 114,30 Seats available
Habra to Digha,https://www.redbus.in/bus-tickets/habra-to-digha,WBTC (CTC) HABRA-DIGHA via Bally - 26|12:45,Non AC Seater (2+3),12:45,05h 15m,18:00,3.0,INR 179,48 Seats available
Kolkata to Haldia,https://www.redbus.in/bus-tickets/kolkata-to-haldia,SBSTC-KOLKATA - HALDIA - SPL - 14:05 (Haldia Depot) - 3015,Non AC Seater (2+3),14:05,03h 20m,17:25,3.8,INR 98,42 Seats available
Kolkata to Haldia,https://www.redbus.in/bus-tickets/kolkata-to-haldia,SBSTC-KOLKATA - HALDIA - A/C - 14:30 (Haldia Depot) - 980,AC Seater (2+2),14:30,03h 00m,17:30,4.0,INR 210,26 Seats available
Kolkata to Haldia,https://www.redbus.in/bus-tickets/kolkata-to-haldia,SBSTC-KOLKATA - HALDIA - NON STOP - 15:30 (HALDIA DEPOT) - 569,Non AC Seater (2+3),15:30,03h 00m,18:30,4.2,INR 135,39 Seats available
Kolkata to Haldia,https://www.redbus.in/bus-tickets/kolkata-to-haldia,SBSTC-KOLKATA - HALDIA - A/C - 16:05 (Haldia Depot) - 1527,AC Seater (2+2),16:05,03h 00m,19:05,3.9,INR 210,32 Seats available
Kolkata to Haldia,https://www.redbus.in/bus-tickets/kolkata-to-haldia,SBSTC-KOLKATA - HALDIA - 16:30 (Haldia Depot) - 809,Non AC Seater (2+3),16:30,03h 00m,19:30,4.0,INR 110,37 Seats available
Kolkata to Haldia,https://www.redbus.in/bus-tickets/kolkata-to-haldia,SBSTC-KOLKATA - HALDIA - 17:00 (Haldia Depot) - 3017,Non AC Seater (2+3),17:00,03h 00m,20:00,4.0,INR 110,41 Seats available
Kolkata to Haldia,https://www.redbus.in/bus-tickets/kolkata-to-haldia,SBSTC-KOLKATA - HALDIA - 17.30 (HALDIA DEPOT) - 565,Non AC Seater (2+3),17:30,03h 00m,20:30,4.0,INR 110,31 Seats available
Kolkata to Haldia,https://www.redbus.in/bus-tickets/kolkata-to-haldia,SBSTC-KOLKATA - HALDIA - 18.15 (HALDIA DEPOT) - 566,Non AC Seater (2+3),18:15,03h 00m,21:15,3.7,INR 110,32 Seats available
Kolkata to Haldia,https://www.redbus.in/bus-tickets/kolkata-to-haldia,Satadal Travels,A/C Seater (2+2),14:55,03h 20m,18:15,4.2,INR 185,17 Seats available
Kolkata to Haldia,https://www.redbus.in/bus-tickets/kolkata-to-haldia,Diamond City Service,A/C Executive (2+3),15:10,03h 45m,18:55,4.6,INR 184,25 Seats available
Kolkata to Haldia,https://www.redbus.in/bus-tickets/kolkata-to-haldia,Droupadi City Service,A/C Seater (2+3),15:20,02h 50m,18:10,3.2,180,55 Seats available
Kolkata to Haldia,https://www.redbus.in/bus-tickets/kolkata-to-haldia,Swapna Paribahan,Non AC Seater (2+3),16:55,04h 30m,21:25,4.3,141,12 Seats available
Kolkata to Haldia,https://www.redbus.in/bus-tickets/kolkata-to-haldia,KRISHNAKALI,A/C Seater (2+3),14:45,02h 45m,17:30,2.6,INR 165,61 Seats available
Kolkata to Haldia,https://www.redbus.in/bus-tickets/kolkata-to-haldia,Droupadi Bus Service,Non AC Seater (2+3),16:20,02h 50m,19:10,2.9,INR 131,53 Seats available
Kolkata to Haldia,https://www.redbus.in/bus-tickets/kolkata-to-haldia,NANDALAL,Non AC Seater (2+2),17:45,03h 00m,20:45,0,INR 131,42 Seats available
Kolkata to Siliguri,https://www.redbus.in/bus-tickets/kolkata-to-siliguri,NBSTC-KOL-COB-E2-3:00 pm - 171781,Non AC Seater (2+3),15:00,13h 20m,04:20,3.8,INR 450,31 Seats available
Kolkata to Siliguri,https://www.redbus.in/bus-tickets/kolkata-to-siliguri,NBSTC-KOL-APD-E1-04:00 PM - 177587,Non AC Seater (2+3),16:00,13h 50m,05:50,3.6,INR 450,39 Seats available
Kolkata to Siliguri,https://www.redbus.in/bus-tickets/kolkata-to-siliguri,NBSTC-KOL-RAI-SLG-RKT-18:30 - 176651,Non AC Seater (2+2),18:30,12h 00m,06:30,3.7,INR 486,6 Seats available
Kolkata to Siliguri,https://www.redbus.in/bus-tickets/kolkata-to-siliguri,SBSTC-KOLKATA - SILIGURI - VOLVO - 20:05 SPL FARE - 4020,Volvo Multi-Axle A/C Seater (2+2),20:05,09h 55m,06:00,3.5,INR 910,43 Seats available
Kolkata to Siliguri,https://www.redbus.in/bus-tickets/kolkata-to-siliguri,Easy Ride,Volvo 9600 Multi-Axle A/C Sleeper (2+1),20:30,12h 55m,09:25,4.8,INR 1500,21 Seats available
Kolkata to Siliguri,https://www.redbus.in/bus-tickets/kolkata-to-siliguri,Easy Ride,Volvo 9600 Multi-Axle A/C Sleeper (2+1),18:30,12h 55m,07:25,4.7,INR 1500,5 Seats available
Kolkata to Siliguri,https://www.redbus.in/bus-tickets/kolkata-to-siliguri,AdLokenath Bus Service,Volvo Multi-Axle A/C Seater/Sleeper (2+1),18:15,12h 15m,06:30,4.1,INR 1199,15 Seats available
Kolkata to Siliguri,https://www.redbus.in/bus-tickets/kolkata-to-siliguri,Shyamoli Paribahan Pvt Ltd,Volvo 9600 Multi-Axle A/C Sleeper (2+1),19:15,13h 00m,08:15,4.7,INR 1499,16 Seats available
Kolkata to Siliguri,https://www.redbus.in/bus-tickets/kolkata-to-siliguri,Lokenath Bus Service,Volvo 9600 Multi-Axle A/C Sleeper (2+1),18:45,12h 45m,07:30,4.7,INR 1499,24 Seats available
Kolkata to Siliguri,https://www.redbus.in/bus-tickets/kolkata-to-siliguri,Easy Ride,Volvo 9600 Multi-Axle A/C Sleeper (2+1),19:50,12h 55m,08:45,4.7,INR 1500,13 Seats available
Kolkata to Siliguri,https://www.redbus.in/bus-tickets/kolkata-to-siliguri,Greenline,Volvo 9600 Multi-Axle A/C Sleeper (2+1),19:00,13h 00m,08:00,4.5,INR 1500,8 Seats available
Kolkata to Siliguri,https://www.redbus.in/bus-tickets/kolkata-to-siliguri,Modern Travels,Bharat Benz A/C Sleeper (2+1),19:30,12h 45m,08:15,4.5,INR 1500,11 Seats available
Kolkata to Siliguri,https://www.redbus.in/bus-tickets/kolkata-to-siliguri,Raipur Cruiser,Volvo 9600 Multi-Axle A/C Sleeper (2+1),17:45,13h 30m,07:15,4.7,1350,18 Seats available
Kolkata to Siliguri,https://www.redbus.in/bus-tickets/kolkata-to-siliguri,Express Line,Volvo 9600 Multi-Axle A/C Sleeper (2+1),18:30,13h 10m,07:40,4.4,INR 1549,13 Seats available
Kolkata to Siliguri,https://www.redbus.in/bus-tickets/kolkata-to-siliguri,Shyamoli Paribahan Pvt Ltd,Volvo 9600 Multi-Axle A/C Sleeper (2+1),18:00,12h 50m,06:50,4.4,INR 1500,14 Seats available
Kolkata to Siliguri,https://www.redbus.in/bus-tickets/kolkata-to-siliguri,Shyamoli Paribahan Pvt Ltd,Volvo Multi-Axle A/C seater/sleeper (2+1),18:30,13h 15m,07:45,4.3,INR 1200,32 Seats available
Kolkata to Siliguri,https://www.redbus.in/bus-tickets/kolkata-to-siliguri,Express Line,Volvo 9600 Multi-Axle A/C Sleeper (2+1),20:30,13h 10m,09:40,4.3,INR 1499,20 Seats available
Kolkata to Siliguri,https://www.redbus.in/bus-tickets/kolkata-to-siliguri,Greenline,Volvo 9600 A/C Seater/Sleeper (2+1),19:30,13h 15m,08:45,4.5,INR 1200,26 Seats available
Kolkata to Siliguri,https://www.redbus.in/bus-tickets/kolkata-to-siliguri,Rubi Paribahan  ,Volvo 9600 Multi-Axle A/C Sleeper (2+1),19:00,12h 30m,07:30,4.2,INR 1500,18 Seats available
Kolkata to Siliguri,https://www.redbus.in/bus-tickets/kolkata-to-siliguri,Aitiana Airwings,Volvo Multi-Axle Sleeper A/C (2+1),18:30,13h 00m,07:30,4.4,INR 1499,30 Seats available
Kolkata to Siliguri,https://www.redbus.in/bus-tickets/kolkata-to-siliguri,Aitiana Airwings,Benz A/C Sleeper (2+1),18:00,13h 30m,07:30,4.3,INR 1200,6 Seats available
Kolkata to Siliguri,https://www.redbus.in/bus-tickets/kolkata-to-siliguri,Shyamoli Paribahan Pvt Ltd,Volvo 9600 A/C Seater/Sleeper (2+1),21:00,13h 00m,10:00,4.2,INR 1200,46 Seats available
Kolkata to Siliguri,https://www.redbus.in/bus-tickets/kolkata-to-siliguri,Poulami Paribahan,Volvo Multi-Axle A/C seater/sleeper (2+1),17:45,12h 45m,06:30,4.2,INR 1199,41 Seats available
Kolkata to Siliguri,https://www.redbus.in/bus-tickets/kolkata-to-siliguri,Lokenath Bus Service,Volvo A/C Seater (2+2),21:15,12h 00m,09:15,4.6,INR 1199,32 Seats available
Kolkata to Siliguri,https://www.redbus.in/bus-tickets/kolkata-to-siliguri,Aitiana Airwings,Volvo Multi-Axle A/C Sleeper (2+1),19:00,12h 45m,07:45,4.7,INR 1499,19 Seats available
Kolkata to Siliguri,https://www.redbus.in/bus-tickets/kolkata-to-siliguri,Royal Cruiser,Scania Multi-Axle AC Semi Sleeper (2+2),18:00,13h 00m,07:00,3.7,924,16 Seats available
Kolkata to Siliguri,https://www.redbus.in/bus-tickets/kolkata-to-siliguri,Prarthana Bus Service,A/C Seater / Sleeper (2+1),17:45,13h 15m,07:00,3.0,900,44 Seats available
Kolkata to Siliguri,https://www.redbus.in/bus-tickets/kolkata-to-siliguri,Modern Travels,Bharat Benz A/C Seater /Sleeper (2+1),18:30,13h 15m,07:45,3.5,INR 2925,46 Seats available
Kolkata to Siliguri,https://www.redbus.in/bus-tickets/kolkata-to-siliguri,Aradhana Bus Service,NON A/C Seater / Sleeper (2+2),16:45,14h 15m,07:00,2.4,INR 750,16 Seats available
Kolkata to Siliguri,https://www.redbus.in/bus-tickets/kolkata-to-siliguri,Shantanu Travels,NON A/C Seater / Sleeper (2+2),17:00,15h 00m,08:00,3.0,INR 600,21 Seats available
Kolkata to Siliguri,https://www.redbus.in/bus-tickets/kolkata-to-siliguri,Lokenath (Maa Tara),NON A/C Seater / Sleeper (2+2),15:45,14h 30m,06:15,2.6,INR 600,6 Seats available
Kolkata to Siliguri,https://www.redbus.in/bus-tickets/kolkata-to-siliguri,Annesha Travels,NON A/C Seater / Sleeper (2+2),17:30,13h 30m,07:00,1.6,INR 600,32 Seats available
Kolkata to Siliguri,https://www.redbus.in/bus-tickets/kolkata-to-siliguri,Maa Durga Bus Service,NON AC Seater / Sleeper 2+1,19:00,14h 00m,09:00,2.0,INR 600,8 Seats available
Kolkata to Siliguri,https://www.redbus.in/bus-tickets/kolkata-to-siliguri,Renuka Travels,A/C Seater / Sleeper (2+2),20:00,13h 00m,09:00,1.0,INR 1200,65 Seats available
Chowrangee(Kharagpur) to Kolkata Airport,https://www.redbus.in/bus-tickets/chowrangee-kharagpur-to-kolkata-airport,WBTC (CTC) Habra-Midnapur - 194|13:55,Non AC Seater (2+3),13:55,02h 45m,16:40,3.7,INR 105,19 Seats available
Chowrangee(Kharagpur) to Kolkata Airport,https://www.redbus.in/bus-tickets/chowrangee-kharagpur-to-kolkata-airport,WBTC (CTC) Habra-Midnapur - 194|15:00,Non AC Seater (2+3),15:00,02h 40m,17:40,4.2,INR 105,30 Seats available
Chowrangee(Kharagpur) to Kolkata Airport,https://www.redbus.in/bus-tickets/chowrangee-kharagpur-to-kolkata-airport,WBTC (CTC) Habra-Midnapur - 194|15:55,Non AC Seater (2+3),15:55,02h 45m,18:40,3.8,INR 105,23 Seats available
Chowrangee(Kharagpur) to Kolkata Airport,https://www.redbus.in/bus-tickets/chowrangee-kharagpur-to-kolkata-airport,WBTC (CTC) Barasat-Midnapur - 208|17:05,Non AC Seater (2+3),17:05,01h 45m,18:50,3.5,INR 105,29 Seats available
Jayrambati (West Bengal) to Barasat (West Bengal),https://www.redbus.in/bus-tickets/jayrambati-west-bengal-to-barasat-west-bengal,WBTC (CTC) HABRA-BARASAT- JOYRAMBATI- BISHNUPUR - 177|14:50,Non AC Seater (2+3),14:50,03h 45m,18:35,3.4,INR 90,20 Seats available
Kolkata to Asansol (West Bengal),https://www.redbus.in/bus-tickets/kolkata-to-asansol,SBSTC-KOLKATA - ASANSOL - 13:15 (ASANSOL DEPOT) - 767,Non AC Seater (2+3),13:15,04h 30m,17:45,1.8,INR 180,49 Seats available
Kolkata to Asansol (West Bengal),https://www.redbus.in/bus-tickets/kolkata-to-asansol,SBSTC-KARUNAMOYEE - ASANSOL - 13:30 (ASN DEPOT) - 246,Non AC Seater (2+3),13:30,05h 00m,18:30,3.3,INR 185,35 Seats available
Kolkata to Asansol (West Bengal),https://www.redbus.in/bus-tickets/kolkata-to-asansol,SBSTC-HALDIA - ASANSOL - VIA - KOLKATA - 09:30 (HLD DEPO - 1763,Non AC Seater (2+3),13:45,04h 30m,18:15,3.4,INR 180,52 Seats available
Kolkata to Asansol (West Bengal),https://www.redbus.in/bus-tickets/kolkata-to-asansol,SBSTC-KARUNAMOYEE - ASANSOL - 14:00 (ASN DEPOT) - 247,Non AC Seater (2+3),14:00,05h 00m,19:00,3.4,INR 185,37 Seats available
Kolkata to Asansol (West Bengal),https://www.redbus.in/bus-tickets/kolkata-to-asansol,SBSTC-KOLKATA - PURULIA - VIA - ASN - 14:15 (PRL DEPOT) - 292,Non AC Seater (2+3),14:15,04h 30m,18:45,3.7,INR 180,49 Seats available
Kolkata to Asansol (West Bengal),https://www.redbus.in/bus-tickets/kolkata-to-asansol,SBSTC-KOLKATA - ASANSOL - 14:45 (ASANSOL DEPOT) - 256,Non AC Seater (2+3),14:45,04h 30m,19:15,3.4,INR 180,51 Seats available
Kolkata to Asansol (West Bengal),https://www.redbus.in/bus-tickets/kolkata-to-asansol,SBSTC-KARUNAMOYEE - ASANSOL - 15:00 (ASN DEPOT) - 248,Non AC Seater (2+3),15:00,05h 00m,20:00,2.4,INR 185,44 Seats available
Kolkata to Asansol (West Bengal),https://www.redbus.in/bus-tickets/kolkata-to-asansol,SBSTC-KARUNAMOYEE - ASANSOL - 15:30 (ASN DEPOT) - 249,Non AC Seater (2+3),15:30,05h 00m,20:30,3.2,INR 185,36 Seats available
Kolkata to Asansol (West Bengal),https://www.redbus.in/bus-tickets/kolkata-to-asansol,SBSTC-KOLKATA - ASANSOL - 16:00 (ASANSOL DEPOT) - 768,Non AC Seater (2+3),16:00,04h 30m,20:30,3.8,INR 180,52 Seats available
Kolkata to Asansol (West Bengal),https://www.redbus.in/bus-tickets/kolkata-to-asansol,SBSTC-KOLKATA - ASANSOL - L/S - 17:00 (ASANSOL DEPOT) - 769,Non AC Seater (2+3),17:00,04h 30m,21:30,4.5,INR 180,49 Seats available
Kolkata to Asansol (West Bengal),https://www.redbus.in/bus-tickets/kolkata-to-asansol,SBSTC-KOLKATA - JAMURIA - VIA - DURGAPUR - 17:30 - 300,Non AC Seater (2+3),17:30,04h 30m,22:00,3.5,INR 180,52 Seats available
Kolkata to Asansol (West Bengal),https://www.redbus.in/bus-tickets/kolkata-to-asansol,WBTC (CTC) KOLKATA - ASANSOL - PURULIA (AC VOLVO) Banglashree Express - 133|13:45,A/C Seater (2+2),13:45,03h 55m,17:40,3.3,INR 430,18 Seats available
Kolkata to Asansol (West Bengal),https://www.redbus.in/bus-tickets/kolkata-to-asansol,SHYAMOLI Pvt. Ltd.(Karunamoyee),Volvo A/C Seater (2+2),12:15,04h 45m,17:00,3.7,INR 524,22 Seats available
Kolkata to Asansol (West Bengal),https://www.redbus.in/bus-tickets/kolkata-to-asansol,Greenline,Volvo A/C Seater (2+2),12:15,04h 15m,16:30,3.7,INR 524,33 Seats available
Kolkata to Asansol (West Bengal),https://www.redbus.in/bus-tickets/kolkata-to-asansol,Shyamoli Paribahan Pvt Ltd,Volvo Multi-Axle A/C seater/sleeper (2+1),12:25,04h 35m,17:00,3.3,INR 524,42 Seats available
Kolkata to Asansol (West Bengal),https://www.redbus.in/bus-tickets/kolkata-to-asansol,Greenline,Volvo A/C Seater (2+2),12:30,05h 00m,17:30,4.6,INR 524,31 Seats available
Kolkata to Asansol (West Bengal),https://www.redbus.in/bus-tickets/kolkata-to-asansol,Greenline (Karunamoyee),Volvo A/C Seater (2+2),13:00,05h 00m,18:00,4.2,INR 524,13 Seats available
Kolkata to Asansol (West Bengal),https://www.redbus.in/bus-tickets/kolkata-to-asansol,Shyamoli Paribahan Pvt Ltd,Volvo A/C Seater (2+2),13:00,05h 00m,18:00,4.4,INR 524,26 Seats available
Kolkata to Asansol (West Bengal),https://www.redbus.in/bus-tickets/kolkata-to-asansol,SHYAMOLI Pvt. Ltd.(Karunamoyee),Scania Multi-Axle AC Semi Sleeper (2+2),14:00,05h 00m,19:00,3.9,INR 524,34 Seats available
Kolkata to Asansol (West Bengal),https://www.redbus.in/bus-tickets/kolkata-to-asansol,Shyamoli Paribahan Pvt Ltd,Volvo A/C Seater (2+2),14:00,05h 00m,19:00,4.0,INR 524,23 Seats available
Kolkata to Asansol (West Bengal),https://www.redbus.in/bus-tickets/kolkata-to-asansol,Greenline,Volvo A/C Seater (2+2),14:30,05h 00m,19:30,4.5,INR 524,36 Seats available
Kolkata to Asansol (West Bengal),https://www.redbus.in/bus-tickets/kolkata-to-asansol,Greenline (Karunamoyee),Volvo A/C Seater (2+2),15:00,05h 00m,20:00,4.5,INR 524,21 Seats available
Kolkata to Asansol (West Bengal),https://www.redbus.in/bus-tickets/kolkata-to-asansol,Shyamoli Paribahan Pvt Ltd,Volvo A/C Seater (2+2),15:00,04h 00m,19:00,3.7,INR 524,2 Seats available
Kolkata to Asansol (West Bengal),https://www.redbus.in/bus-tickets/kolkata-to-asansol,Express Line,Volvo A/C Seater (2+2),15:30,04h 10m,19:40,3.9,INR 524,39 Seats available
Kolkata to Asansol (West Bengal),https://www.redbus.in/bus-tickets/kolkata-to-asansol,Express Line (Karunamoyee),Volvo 9600 A/C Seater (2+2),15:45,05h 00m,20:45,4.5,INR 524,40 Seats available
Kolkata to Asansol (West Bengal),https://www.redbus.in/bus-tickets/kolkata-to-asansol,SHYAMOLI Pvt. Ltd.(Karunamoyee),Volvo A/C Seater (2+2),16:00,05h 00m,21:00,3.9,INR 524,26 Seats available
Kolkata to Asansol (West Bengal),https://www.redbus.in/bus-tickets/kolkata-to-asansol,Greenline,Volvo 9600 Multi Axle Semi-Sleeper (2+2),16:00,04h 00m,20:00,4.7,INR 524,29 Seats available
Kolkata to Asansol (West Bengal),https://www.redbus.in/bus-tickets/kolkata-to-asansol,Shyamoli Paribahan Pvt Ltd,Volvo A/C Seater (2+2),16:40,05h 00m,21:40,4.3,INR 524,30 Seats available
Kolkata to Asansol (West Bengal),https://www.redbus.in/bus-tickets/kolkata-to-asansol,Greenline (Karunamoyee),Volvo A/C Seater (2+2),16:45,05h 00m,21:45,4.6,INR 524,25 Seats available
Kolkata to Asansol (West Bengal),https://www.redbus.in/bus-tickets/kolkata-to-asansol,Express Line,Volvo 9600 A/C Semi Sleeper (2+2),17:20,05h 00m,22:20,4.4,INR 524,44 Seats available
Kolkata to Asansol (West Bengal),https://www.redbus.in/bus-tickets/kolkata-to-asansol,SHYAMOLI Pvt. Ltd.(Karunamoyee),Volvo A/C Seater (2+2),17:30,05h 00m,22:30,4.2,INR 524,38 Seats available
Kolkata to Asansol (West Bengal),https://www.redbus.in/bus-tickets/kolkata-to-asansol,Greenline,Volvo A/C Seater (2+2),18:05,05h 00m,23:05,4.6,INR 524,36 Seats available
Kolkata to Asansol (West Bengal),https://www.redbus.in/bus-tickets/kolkata-to-asansol,Royal Cruiser,Scania Multi-Axle AC Semi Sleeper (2+2),19:30,04h 45m,00:15,3.2,509,36 Seats available
Kolkata to Asansol (West Bengal),https://www.redbus.in/bus-tickets/kolkata-to-asansol,Maharani Travels,NON AC Seater / Sleeper 2+1,16:30,05h 30m,22:00,2.4,INR 700,12 Seats available
Kolkata to Asansol (West Bengal),https://www.redbus.in/bus-tickets/kolkata-to-asansol,Maharani Express,NON A/C Seater / Sleeper (2+2),17:00,04h 45m,21:45,2.2,675,56 Seats available
Kolkata to Asansol (West Bengal),https://www.redbus.in/bus-tickets/kolkata-to-asansol,Maharani Travels,NON AC Seater / Sleeper 2+1,17:05,04h 55m,22:00,2.4,INR 600,14 Seats available
Kolkata to Asansol (West Bengal),https://www.redbus.in/bus-tickets/kolkata-to-asansol,Greenline (Karunamoyee),Volvo A/C Seater (2+2),18:00,05h 00m,23:00,2.2,INR 524,32 Seats available
Kolkata to Asansol (West Bengal),https://www.redbus.in/bus-tickets/kolkata-to-asansol,Pariwartan Bus Service,NON A/C Seater / Sleeper (2+2),18:30,06h 00m,00:30,,INR 500,54 Seats available
Kolkata to Asansol (West Bengal),https://www.redbus.in/bus-tickets/kolkata-to-asansol,Beauty Travels,NON A/C Seater / Sleeper (2+2),20:20,04h 10m,00:30,2.9,INR 500,36 Seats available
Kolkata to Asansol (West Bengal),https://www.redbus.in/bus-tickets/kolkata-to-asansol,Lokenath Bus Service,Volvo Multi Axle B11R AC Seater\Sleeper (2+1),17:15,04h 15m,21:30,4.3,1950,13 Seats available
Kolkata to Asansol (West Bengal),https://www.redbus.in/bus-tickets/kolkata-to-asansol,Pammi Travels,A/C Sleeper (2+1),21:29,00h 01m,21:30,3.3,INR 3001,20 Seats available
Kolkata to Asansol (West Bengal),https://www.redbus.in/bus-tickets/kolkata-to-asansol,Tulsi Travel,NON A/C Seater / Sleeper (2+2),14:45,02h 05m,16:50,1.5,INR 999,41 Seats available
Kolkata to Asansol (West Bengal),https://www.redbus.in/bus-tickets/kolkata-to-asansol,Maharani Express,A/C Seater / Sleeper (2+2),15:30,05h 15m,20:45,2.2,810,12 Seats available
Kolkata to Asansol (West Bengal),https://www.redbus.in/bus-tickets/kolkata-to-asansol,Maharani Travels,A/C Seater / Sleeper (2+1),21:05,04h 55m,02:00,2.4,INR 800,15 Seats available
